vid,Woord,id
1008017,27,6123
1009021,12,27379
1009021,13,62429
1012008,13,27380
1012008,14,62392
1013003,17,27381
1013003,18,62424
1014002,18,36117
1014008,13,36117
1024033,1,778
1024033,2,11822
1025023,7,35465
1027003,20,35634
1027029,4,779
1027029,5,43559
1030011,4,16337
1030011,5,53235
1033004,13,51907
1033004,14,62411
1035021,6,27382
1035021,7,62392
1036005,5,56867
1036014,17,56867
1039020,16,58168
1043028,15,778
1043028,16,43481
1049010,15,61307
1049011,5,61311
1049011,6,62412
1049011,24,61369
1049011,25,62430
2004002,6,16446
2004002,7,28075
2016002,1,778
2016002,2,66318
2016007,20,66320
2021008,8,3763
2021008,9,62414
2022004,10,60154
2022004,11,62412
2022026,3,47332
2022026,4,62410
2027011,12,779
2027011,13,65585
2027011,14,62411
2028028,6,5248
2028028,7,59325
2028028,8,62411
2032017,8,195
2032017,9,70449
2032017,10,62392
2032019,22,5229
2032019,23,22944
2032019,24,62422
2035011,19,69175
2035011,20,62411
2037008,23,68678
2037008,24,62431
2039004,8,68679
2039004,9,62411
2039033,20,69176
2039033,21,62411
3009022,5,22934
3009022,6,62411
3011021,15,3771
3011021,16,62412
3016021,6,22927
3016021,7,62411
3021005,2,72517
3023013,16,779
3023013,17,56729
3023013,18,62370
3025030,20,3761
3025030,21,62412
4001016,2,3756
4012003,5,74003
4014036,14,778
4014036,15,66319
4016011,16,66320
4021032,12,778
4021032,13,41278
4023013,6,13391
4026009,13,74404
4032007,3,75668
4034004,14,779
4034004,15,1506
5002033,16,21140
5002033,17,62411
5005010,12,51239
5005010,13,62510
5007009,26,51244
5007009,27,62411
5008002,34,51244
5008002,35,62411
5013016,7,648
5013016,8,12677
5021007,8,34296
5022015,4,649
5022015,5,49529
5022015,13,649
5022015,14,49545
5022016,4,649
5022016,5,49529
5022020,12,3887
5022020,13,650
5022020,14,49546
5022021,4,649
5022021,5,49535
5022023,3,49541
5022024,22,649
5022024,23,49539
5022025,10,649
5022025,11,49537
5022026,1,779
5022026,2,3887
5022026,3,650
5022026,4,49537
5022026,9,3887
5022026,10,650
5022026,11,49529
5022027,8,649
5022027,9,49537
5022028,4,49524
5022029,11,649
5022029,12,49529
5027010,11,51266
5027010,12,62422
5028027,7,780
5028027,8,196
5028027,9,650
5028027,10,77786
5028030,6,45560
5028030,7,62787
5029022,26,780
5029022,27,36117
5032013,4,73202
5033002,25,42426
5033002,26,78648
5033009,21,21140
5033009,22,62411
6002013,16,27691
6002013,17,62494
6003004,6,780
6003004,7,3443
6003004,8,62411
6003016,15,5244
6003016,16,78842
6004018,3,9174
6004018,4,10897
6005001,37,32244
6005001,38,62748
6006005,9,9166
6006005,10,19609
6006005,11,62655
6006007,1,778
6006007,2,2273
6006009,9,54483
6006013,35,12943
6007021,1,781
6007021,2,2899
6008011,28,3444
6008011,29,62411
6008016,7,197
6008016,8,650
6008016,9,37807
6009007,1,778
6009007,2,2274
6009007,16,34463
6015004,8,779
6015004,9,1507
6015047,19,648
6015047,20,7064
6015053,1,779
6015053,2,79716
6015063,8,38983
6016003,17,75958
6016003,18,62411
6018012,28,779
6018012,29,1506
6018014,19,779
6018014,20,1508
6018019,9,779
6018019,10,1509
6018019,11,75971
6018024,3,651
6018024,4,79821
6019022,7,779
6019022,8,79930
6019029,17,779
6019029,18,1510
6020008,31,76762
6021027,19,76763
6022007,21,195
6022007,22,62104
6024003,20,781
6024003,21,8750
6024008,1,781
6024008,2,15399
6024015,27,5271
6024015,28,62103
7001027,20,27102
7004011,19,195
7004011,20,79974
7006005,10,780
7006005,11,16343
7007013,19,80754
7007021,17,778
7007021,18,40125
7009008,15,57106
7009012,10,57066
7011037,31,779
7011037,32,80916
7011037,33,62510
7013017,12,36373
7013017,13,62579
7016018,26,3871
7016018,27,62471
7016021,26,652
7016021,27,81077
7016025,3,9166
7016025,4,3320
7016025,22,652
7016025,23,81078
7016026,15,778
7016026,16,51850
7016026,17,62477
7017002,15,779
7017002,16,38233
7019003,14,3866
7019003,15,21565
7019003,16,62805
7019013,6,13077
7019021,7,778
7019021,8,37236
7019025,40,9174
7019025,41,10902
7020013,24,21099
7021020,1,778
7021020,2,14239
7021022,10,3860
7021022,11,51645
8001008,15,4884
8002001,4,92698
8003003,7,35092
8003003,8,62674
8003003,11,779
8003003,12,37058
8003004,20,779
8003004,21,45621
8003012,5,3311
8003014,3,92881
8003014,4,62432
8003014,10,195
8003014,11,10294
8004004,28,779
8004004,29,18646
8004005,22,50633
8004006,7,3766
8004006,8,60832
9002003,15,779
9002003,16,3763
9002003,17,62414
9002009,2,78711
9002009,3,62422
9002010,3,51694
9002010,4,62411
9002010,5,1708
9002010,6,62422
9002016,25,10367
9003002,14,779
9003002,15,19168
9003002,16,62422
9003018,21,195
9003018,22,19166
9003018,23,62411
9004013,10,22806
9005006,15,198
9005006,16,650
9005006,17,77786
9005009,32,77787
9005012,8,198
9005012,9,650
9005012,10,77788
9006004,16,77785
9006005,4,77784
9006005,5,62651
9007009,7,778
9007009,8,10735
9007009,9,62415
9008003,6,199
9008003,7,23573
9008003,8,62411
9009001,4,5229
9009001,5,56818
9009026,14,648
9009026,15,70163
9010007,4,16117
9010021,6,3862
9010021,7,33722
9010021,8,62411
9011006,7,9166
9011006,8,19595
9011006,9,62414
9011009,19,9166
9011009,20,43303
9012010,5,778
9012010,6,2304
9013008,1,778
9013008,2,33042
9013019,10,2647
9014027,37,778
9014027,38,6887
9014032,1,778
9014032,2,82179
9014032,6,648
9014032,7,61979
9015016,19,778
9015016,20,2274
9017007,1,779
9017007,2,5956
9017023,19,5229
9017023,20,70941
9018001,17,778
9018001,18,48338
9018001,19,62415
9018006,22,3860
9018006,23,65798
9018007,11,200
9018007,12,47268
9018007,13,62411
9018009,4,82555
9018014,6,23582
9018014,7,62411
9018022,5,35262
9018022,6,62411
9019018,30,195
9019018,31,82613
9019019,9,195
9019019,10,82614
9019022,28,195
9019022,29,82615
9019023,5,82614
9019023,25,195
9019023,26,82615
9020001,4,5229
9020001,5,82616
9020002,9,10402
9020002,10,4838
9020024,15,5529
9020038,16,653
9020038,17,61706
9021012,26,200
9021012,27,47268
9021012,28,62411
9021012,31,195
9021012,32,50331
9021012,33,62431
9021014,15,778
9021014,16,82738
9022013,3,5584
9022013,4,62422
9022015,4,3766
9022015,5,49967
9022017,33,47128
9022017,34,62495
9022018,5,3862
9022018,6,82704
9022018,16,82703
9022022,14,82703
9023005,4,778
9023005,5,17827
9023005,6,62411
9024005,19,48859
9024005,20,62578
9024009,8,5244
9024009,9,648
9024009,10,46531
9024019,1,779
9024019,2,20589
9025003,28,82845
9025018,3,82833
9025018,15,5172
9025034,17,778
9025034,18,15831
9026005,40,49331
9026005,41,62431
9026007,25,52457
9026007,26,62411
9026007,33,49331
9026007,34,62431
9026011,21,52453
9026011,22,62411
9026016,37,52450
9026016,38,62431
9026022,7,82111
9027004,11,23993
9027008,12,779
9027008,13,648
9027008,14,82956
9028008,24,77325
9029005,21,195
9029005,22,50331
9029005,23,62431
9030006,21,21152
9030006,22,62411
10001008,7,781
10001008,8,2218
10001011,4,199
10001011,5,50285
10001011,6,62411
10001016,6,25409
10001016,7,62579
10002023,28,5354
10002023,29,62411
10003002,1,778
10003002,2,20869
10003003,5,3866
10003003,6,82834
10003012,7,5385
10003012,8,62411
10003015,14,82860
10003025,19,83186
10003025,20,62575
10005002,12,1420
10005002,13,648
10005002,14,6196
10005002,15,779
10005002,16,648
10005002,17,15559
10005008,25,50451
10005024,3,9179
10005024,4,19609
10005024,5,62585
10010009,21,96472
10011024,1,778
10011024,2,55108
10011024,3,648
10011024,4,55119
10012009,10,195
10012009,11,19155
10012009,12,62448
10012020,13,35088
10012020,14,62411
10012022,15,779
10012022,16,55712
10012022,17,62472
10012024,19,778
10012024,20,3540
10012031,28,198
10012031,29,650
10012031,30,83714
10013008,16,778
10013008,17,43779
10013034,11,19137
10013034,12,62411
10013037,9,73477
10014007,41,11566
10014011,11,5271
10014011,12,83772
10014022,39,35179
10014022,40,62615
10014030,18,779
10014030,19,78931
10014030,20,62806
10015008,16,26824
10015020,7,25816
10015020,8,62599
10015028,4,195
10015028,5,74932
10016002,22,779
10016002,23,648
10016002,24,21470
10016008,11,5349
10016008,12,62411
10016010,13,41614
10016010,15,3312
10016012,4,195
10016012,5,19099
10016012,6,62495
10016018,20,3763
10016018,21,62414
10017012,5,195
10017012,6,4323
10018003,41,3866
10018003,42,61831
10018008,6,35961
10018012,7,779
10018012,8,43230
10018013,3,201
10018013,4,7999
10018013,5,62504
10018017,30,3862
10018017,31,27407
10018017,32,62431
10018018,8,201
10018018,9,11434
10018018,10,62422
10018020,27,1634
10019007,28,43231
10019019,16,195
10019019,17,19152
10019019,18,62411
10019032,19,648
10019032,20,39248
10019041,16,32209
10020005,8,778
10020005,9,50315
10020008,23,779
10020008,24,1709
10020008,25,62411
10020014,15,778
10020014,16,70388
10020023,13,648
10020023,14,82977
10020025,1,780
10020025,2,84050
10021004,8,3781
10021004,9,62543
10021006,1,7297
10021009,19,26457
10021009,20,62748
10021009,22,779
10021009,23,29275
10021009,31,199
10021009,32,38864
10021012,28,78007
10021012,29,62748
10021012,30,11890
10021012,31,35805
10021016,1,779
10021016,2,84074
10021020,10,84098
10021021,10,83726
10022008,1,778
10022008,2,84192
10022015,8,778
10022015,9,65676
10022023,3,39911
10022023,4,62411
10022033,9,23640
10022033,10,62511
10022034,2,32896
10022034,3,62494
10022051,1,84339
10023008,18,651
10023008,19,84368
10023008,26,4350
10023009,1,779
10023009,2,28379
10023009,3,62411
10023009,6,80893
10023009,11,648
10023009,12,29335
10023013,3,28254
10023018,9,648
10023018,10,28255
10023020,7,56189
10023020,24,652
10023020,25,75223
10023021,7,17772
10023035,1,84432
10023037,7,26128
10024014,17,59710
10024014,18,62411
10024016,38,652
10024016,39,84483
10024018,22,84483
10024022,15,195
10024022,16,19152
10024022,17,62411
11001027,17,35180
11001027,18,62593
11001037,11,1220
11001047,18,460
11002024,8,778
11002024,9,26833
11002024,10,62477
11004007,25,652
11004007,26,4306
11005017,32,32904
11005017,33,62510
11006005,7,84694
11006006,1,648
11006006,2,84695
11006010,4,648
11006010,5,84696
11006016,6,5248
11006016,7,61437
11006021,13,195
11006021,14,84730
11006038,26,39916
11006038,27,62411
11007020,18,648
11007020,19,84869
11007023,26,779
11007023,27,84906
11007036,10,68763
11007036,11,62806
11007045,18,652
11007045,19,10054
11008026,7,36369
11008026,8,62593
11008048,42,17358
11009009,23,778
11009009,24,43482
11009018,6,85032
11010005,11,58119
11010005,12,62411
11012003,7,778
11012003,8,15845
11012007,1,778
11012007,2,33423
11012012,1,778
11012012,2,15833
11012021,1,778
11012021,2,15846
11012033,24,5229
11012033,25,29655
11012033,26,62412
11014002,15,38230
11014025,13,85204
11015015,7,779
11015015,8,63496
11015018,21,648
11015018,22,39405
11016019,2,24843
11016019,3,62422
11016026,9,780
11016026,10,201
11016026,11,24785
11016026,12,62412
11016034,17,780
11016034,18,202
11016034,19,85474
11017014,20,7335
11017015,10,12692
11017015,11,781
11017015,12,62337
11018036,32,780
11018036,33,202
11018036,34,36373
11018036,35,62576
11018042,24,53216
11018042,25,62431
11019004,15,4295
11020041,8,5271
11020041,9,1710
11021008,14,28141
11021021,3,15558
11021029,17,15490
11022013,27,36373
11022013,28,62603
11022049,2,5108
11022049,15,45852
12002016,37,648
12002016,38,74646
12003024,18,778
12003024,19,26588
12004002,15,3769
12004002,16,62674
12004003,14,63622
12004003,15,62674
12004005,22,52625
12004007,19,85802
12004007,20,62674
12004007,23,780
12004007,24,21065
12004007,25,62674
12004016,12,38230
12004023,4,38216
12004023,5,13305
12004034,25,32838
12004034,26,62411
12005009,4,195
12005009,5,60583
12005009,6,62411
12005012,4,85839
12005018,35,70706
12005025,14,5271
12005025,15,52810
12006010,15,779
12006010,16,67159
12006010,17,62414
12006025,23,85872
12007012,32,196
12007012,33,650
12007012,34,10241
12007013,26,42981
12007015,20,195
12007015,21,77441
12007015,22,62748
12008001,17,38216
12008010,8,3757
12008010,9,62414
12008017,12,6822
12009015,39,3862
12009015,40,20414
12009025,5,65606
12009025,6,62412
12009033,3,68154
12009033,4,62806
12009037,1,782
12009037,2,1546
12010027,16,3862
12010027,17,85960
12011001,5,3269
12011002,23,648
12011002,24,14967
12011004,13,648
12011004,14,28299
12011009,4,648
12011009,5,28299
12011010,7,648
12011010,8,28299
12011015,8,648
12011015,9,28300
12011018,14,33837
12011018,15,62411
12011020,19,648
12011020,20,39435
12012010,21,5229
12012010,22,39146
12012012,9,22900
12012012,13,648
12012012,14,47509
12013006,9,46817
12014002,22,86055
12014006,37,14952
12014007,7,39670
12014012,10,3862
12014012,11,27407
12014012,12,62431
12014013,16,778
12014013,17,15843
12015025,18,648
12015025,19,39423
12016006,21,783
12016006,22,77571
12016015,1,778
12016015,2,14232
12016017,16,611
12016018,3,86239
12017013,12,47049
12017016,14,6939
12017021,14,778
12017021,15,76650
12017031,23,459
12017031,24,86277
12018027,37,86385
12018027,38,62748
12018027,43,2123
12018027,44,32917
12018027,45,62755
12019023,9,195
12019023,10,42847
12019023,30,24342
12019023,31,62392
12020004,6,50707
12020013,12,86555
12020013,13,62392
12020018,11,13694
12021012,17,19839
12021012,18,62805
12022005,1,779
12022005,2,7820
12022005,3,62415
12022005,11,30354
12023010,9,21267
12023033,11,5229
12023033,12,57040
12023036,21,86711
12024010,6,11136
12024014,17,45218
12024015,22,41940
12024018,21,86663
12025017,19,30554
13001011,5,35735
13001046,22,57168
13001051,11,57209
13002016,1,779
13002016,2,27692
13002016,3,62755
13002055,4,27103
13003024,4,97260
13004007,5,779
13004007,6,49178
13004020,8,779
13004020,9,97325
13004041,20,648
13004041,21,96208
13006011,2,21193
13006020,2,81446
13007001,8,75543
13007010,8,56868
13007031,9,97474
13007034,5,779
13007034,6,97484
13007034,7,779
13007034,8,97486
13008025,3,780
13008025,4,97274
13009004,9,84446
13009004,10,5233
13009033,13,82609
13009035,7,96725
13011011,13,648
13011011,14,65599
13011017,1,778
13011017,2,73829
13011020,20,779
13011020,21,3789
13011020,22,62413
13011044,5,784
13011044,6,96726
13012003,11,785
13012003,12,97639
13012006,10,648
13012006,11,97651
13012016,18,78840
13012016,19,62411
13012019,7,648
13012019,8,65600
13014001,3,83314
13014010,11,35805
13015024,17,97689
13018010,11,3766
13018010,12,49967
13020005,11,97714
13022007,6,21365
13022007,7,62495
13023009,3,72744
13024024,7,97765
13025001,17,649
13025001,18,73949
13026025,21,780
13026025,22,72745
13027012,11,3762
13027012,12,650
13027012,13,21260
13027012,14,75518
13027029,10,97822
13029016,23,62340
14003017,21,648
14003017,22,70002
14004011,17,83315
14005012,45,97690
14005013,5,3762
14005013,6,650
14005013,7,97694
14007006,38,97691
14008010,4,648
14008010,5,43363
14008018,10,61420
14009010,4,83299
14009029,28,97845
14011018,9,28510
14013014,20,97690
14013019,26,97854
14017008,13,780
14017008,14,97672
14018008,11,81205
14018033,28,22817
14018033,29,62604
14024025,11,195
14024025,12,97879
14024027,4,8733
14025017,18,13392
14026003,21,86097
14026007,10,651
14026007,11,96892
14026011,18,96724
14026021,14,649
14026021,15,86100
14029008,12,3862
14029008,13,77780
14029013,6,785
14029013,7,96727
14029014,5,96680
14029028,13,97692
14031012,18,97890
14031013,24,97891
14032021,31,780
14032021,32,5248
18019029,14,77272
14033016,1,778
14033016,2,17252
14034005,6,33832
14034005,7,62748
14034006,12,195
14034006,13,73273
14034006,14,62755
14034009,41,778
14034009,42,21859
14034022,15,97899
14034025,5,783
14034025,6,69932
14035003,6,648
14035003,7,58999
14035004,1,779
14035004,2,58828
14035009,1,786
14035009,2,97892
14036014,10,3766
14036014,11,71274
14036017,7,37387
15002001,14,86741
15002046,4,96185
15002050,4,96207
15002050,6,96210
15003003,17,778
15003003,18,10736
15004002,24,779
15004002,25,3761
15004002,26,62433
15004004,10,787
15004004,11,60070
15004007,11,96284
15004007,12,62411
15004007,14,96281
15004009,17,96321
15004009,20,96324
15004011,11,93579
15004011,12,94397
15004012,19,89727
15004012,20,96350
15004012,22,89726
15004012,23,96353
15004012,24,96360
15004023,7,96307
15005001,4,96415
15005001,9,96418
15005002,23,96419
15005012,17,37398
15005015,5,96507
15006014,10,96416
15006017,18,89610
15006017,19,96567
15007018,4,93968
15007018,5,94397
15007018,8,96621
15007018,9,94397
15007025,18,96638
15007026,25,89612
15007026,26,96641
15008014,6,779
15008014,7,74081
15008017,1,781
15008017,2,14220
15008017,25,648
15008017,26,96169
15008025,1,781
15008025,2,49248
15010002,8,96326
15010012,11,9196
15010012,12,36373
15010012,13,62594
15010029,12,779
15010029,13,96838
15010035,3,96858
15010037,3,779
15010037,4,96861
15010043,8,96875
15010044,3,26208
16001001,9,91643
16001009,25,778
16001009,26,15609
16001009,27,62738
16002013,24,19415
16002013,25,52529
16003015,20,779
16003015,21,43873
16003020,7,96091
16003030,1,28420
16003030,2,62411
16003031,1,28422
16003031,2,62411
16004007,13,198
16004007,14,650
16004007,15,90827
16004009,19,778
16004009,20,22103
16005009,1,781
16005009,2,2219
16007003,1,781
16007003,2,2218
16007052,6,96973
16009006,7,20597
16009017,41,46381
16010020,3,97013
16011017,29,97071
16012009,3,779
16012009,4,97094
16012014,1,3766
16012014,2,97101
16012016,1,3862
16012016,2,84595
16012046,9,12339
16013023,13,79431
16013023,14,76318
17001016,3,93216
17003004,3,9166
17003004,4,2189
17003004,5,62748
17004004,1,788
17004004,2,15905
17004007,25,198
17004007,26,650
17004007,27,86204
17008001,18,648
17008001,19,86206
17008007,33,198
17008007,34,650
17008007,35,86219
17008013,20,648
17008013,21,86220
17008013,22,78572
17009015,3,648
17009015,4,86209
17009018,1,779
17009018,2,648
17009018,3,86209
17009019,5,648
17009019,6,76431
17009027,2,779
17009027,3,69039
17010001,5,93154
18001004,18,27693
18001004,19,62754
18001010,3,20609
18001021,4,6529
18002007,20,779
18002007,21,21535
18005018,7,779
18005018,8,22910
18005018,9,62411
18006002,6,789
18006002,7,91726
18006002,8,62495
18006021,4,3772
18006021,5,62412
18006029,6,779
18006029,7,21900
18007001,6,1711
18007005,5,779
18007005,6,92398
18009013,6,5385
18009013,7,62411
18009030,3,201
18009030,4,2124
18010020,6,778
18010020,7,37246
18010020,8,779
18010020,9,20739
18013015,4,3761
18013015,5,62412
18014005,10,60691
18014005,11,62411
18015015,2,203
18015015,3,67286
18015015,4,62411
18015022,6,779
18015022,7,55103
18015031,3,198
18015031,4,650
18015031,5,67448
18016016,3,92469
18019029,13,29231
18020011,4,89043
18020011,5,62411
18021013,1,9622
18021020,2,19164
18021020,3,62411
18024001,7,789
18024001,8,18860
18024001,9,62411
18024006,6,72331
18026012,7,790
18026012,8,202
18026012,9,70339
18026012,10,62412
18026014,4,23581
18026014,5,62411
18026014,15,70493
18026014,16,62411
18027015,1,74907
18027015,2,62411
18030011,2,81118
18030011,3,62495
18030022,10,88355
18031011,2,12687
18031011,4,789
18031011,5,62346
18031020,5,56684
18031020,6,62411
18033019,8,779
18033019,9,42855
18033021,6,779
18033021,7,87563
18033028,2,8002
18033028,3,62406
18033028,9,789
18033028,10,89082
18033028,11,62414
18037012,5,195
18037012,6,92606
18037012,7,62411
18038001,6,5284
18038001,7,648
18038001,8,85779
18038012,7,19009
18038012,8,648
18038012,9,46071
18038041,9,27791
18038041,10,62411
18039012,6,21675
18039026,8,8372
18039026,9,62411
18039030,1,779
18039030,2,77504
18039030,3,62411
18040006,6,5284
18040006,7,85780
18040017,7,92637
18040017,8,62411
18041004,1,3758
18041004,2,62379
18042002,1,18886
18042010,5,78148
18042011,10,27694
18042011,11,62411
18042016,10,778
18042016,11,2928
19005009,10,75257
19006004,6,779
19006004,7,20599
19009013,10,74013
19009019,8,67994
19010005,2,23594
19010005,3,62434
19010010,1,91774
19010010,8,56241
19010010,9,91775
19010012,9,74013
19011001,14,25839
19017011,4,12583
19017011,5,62543
19017014,15,787
19017014,16,62891
19017014,17,62581
19018051,1,37496
19024006,3,34175
19024006,4,62411
19026002,7,80743
19030004,9,5229
19030004,10,36897
19030004,11,62479
19038021,9,40461
19038021,10,62479
19039001,4,3863
19039001,5,91939
19041003,7,779
19041003,8,53272
19042009,10,54534
19042009,11,62412
19049015,18,791
19049015,19,66810
19049015,20,62748
19051004,1,8631
19054007,1,21675
19055016,1,20679
19055016,2,47955
19056007,2,62881
19058008,8,61722
19058008,9,62411
19059011,2,46409
19059011,3,62495
19059016,2,25786
19060007,8,778
19060007,9,45066
19060007,10,62512
19066007,15,31610
19071012,11,75792
19071020,2,2731
19071020,3,62513
19071020,9,23003
19071020,10,62472
19072017,9,92112
19073002,5,37775
19073002,10,34302
19073010,2,21977
19073016,7,62344
19074006,1,791
19074006,2,22272
19074011,10,42539
19074011,11,62576
19077001,5,91938
19077012,1,32073
19077020,6,792
19077020,7,89927
19077020,8,62575
19079010,9,198
19079010,10,650
19079010,11,35474
19085002,6,74743
19089018,10,31578
19089029,3,14042
19090008,1,20786
19092016,10,83208
19100003,9,779
19100003,10,3761
19100003,11,62412
19101005,1,92193
19102024,5,25753
19102024,6,62495
19105018,5,32852
19105018,6,62412
19105028,9,36378
19105028,10,62430
19106045,11,46432
19106045,12,62431
19119079,6,789
19119079,7,18861
19119147,7,3766
19119147,8,36373
19119147,9,62594
19119161,5,790
19119161,6,5229
19119161,7,36404
19119161,8,62603
19123004,13,3766
19123004,14,86986
19123004,15,67933
19126004,4,78149
19126004,5,62543
19129003,7,3862
19129003,8,92297
19129003,9,62766
19139006,1,80955
19139016,15,779
19139016,16,3757
19139016,17,62414
19140010,7,31751
19140010,8,62767
19140011,1,72854
19140013,1,18879
19145006,6,780
19145006,7,83460
19145006,8,62594
19147019,2,36447
19147019,3,62411
19148002,9,9786
19148002,10,62431
20001027,3,9186
20001027,4,87395
20002007,1,62877
20002008,7,78712
20002008,8,62411
20003015,3,5229
20003015,4,92541
20003027,11,22817
20003027,12,62576
20003028,3,3862
20003028,4,36624
20003028,5,62616
20003030,2,51679
20003034,7,789
20003034,8,3866
20003034,9,74008
20004016,13,73350
20006013,2,204
20006013,3,19168
20006013,4,62411
20006013,6,195
20006013,7,32920
20006013,8,62411
20006014,10,92691
20006016,7,59806
20008017,2,48403
20008017,3,62494
20008035,4,16702
20011003,8,80559
20011003,9,62766
20012014,11,21676
20013020,1,13279
20013020,4,62222
20014021,8,74011
20015014,5,780
20015014,6,25639
20016019,5,74014
20016027,7,36240
20016027,8,62412
20017013,6,65554
20017027,6,81739
20018017,7,780
20018017,8,16299
20018019,6,790
20018019,7,92692
20019007,15,3789
20019007,16,62413
20019016,9,15090
20019019,1,7082
20020004,6,779
20020004,7,50058
20020016,9,54235
20020020,10,205
20020020,11,92765
20020021,2,60071
20020030,3,92769
20021019,8,92693
20021029,10,59076
20021029,11,23705
20021029,12,62430
20022003,4,779
20022003,5,26363
20022008,3,72326
20022011,2,31087
20022014,7,16872
20022020,6,65601
20022025,3,44251
20022025,4,62411
20023003,2,73835
20023005,1,20628
20023005,2,8146
20023005,18,8137
20023006,9,73853
20023024,1,87347
20023024,2,87328
20023024,5,779
20023024,6,20967
20023024,8,63848
20023026,13,70686
20023029,9,92694
20023031,8,198
20023031,9,650
20023031,10,58406
20024001,8,73853
20024017,3,48866
20024017,4,62575
20025024,8,92695
20026002,14,3761
20026002,15,62412
20026021,10,92695
20026024,1,203
20026024,2,36271
20026024,3,62411
20027010,3,779
20027010,4,36631
20027015,8,92695
20027020,2,793
20027020,3,92804
20027024,11,781
20027024,12,29906
20028008,6,779
20028008,7,72873
20028016,7,50380
20030010,5,44419
20030010,6,62411
20030018,6,789
20030018,7,12218
20031004,15,20109
20031016,10,11480
20031018,8,196
20031018,9,650
20031018,10,4202
21004008,21,19101
21004008,22,62414
21004017,2,32873
21004017,3,62603
21005008,7,62354
21005010,16,93062
21006010,19,29232
21006010,20,93065
21007022,10,20591
21009004,4,39627
21010003,6,9166
21010003,7,29232
21010003,8,89340
21010010,15,93081
21010020,26,8317
21012006,4,91463
22001017,5,92918
22001017,6,62543
22002011,3,648
22002011,4,92928
22002013,13,3801
22002013,14,62674
22004009,8,195
22004009,9,4341
23003015,1,16447
23003015,2,3905
23003015,3,62655
23003016,11,37793
23005029,7,81003
23009002,4,3757
23009002,5,62414
23009006,1,3862
23009006,2,87359
23010006,20,780
23010006,21,3862
23010006,22,11567
23010006,23,62414
23010013,18,778
23010013,19,87446
23010013,20,62715
23010032,12,28510
23012005,6,19008
23013016,14,45618
23016003,1,15484
23018004,7,79323
23023012,13,35349
23023013,15,88106
23023013,16,62411
23025010,18,88175
23026020,10,45676
23026020,11,62579
23026020,19,32332
23028015,12,85221
23028015,15,32340
23029011,20,28111
23030032,22,206
23030032,23,62766
23030033,7,12669
23032007,11,67995
23032015,14,779
23032015,15,648
23032015,16,86478
23036012,35,86385
23036012,36,62748
23036012,41,2125
23036012,42,32917
23036012,43,62755
23037030,30,779
23037030,31,14534
23039002,11,86556
23039002,12,62412
23041023,17,779
23041023,18,2828
23042020,1,2874
23042024,3,3766
23042024,4,86573
23044017,10,88865
23044024,23,5271
23044024,24,23840
23044024,25,62511
23045002,8,75258
23046011,9,78521
23046011,10,62495
23047013,11,88936
23049005,20,3761
23049005,21,62412
23049006,15,780
23049006,16,70687
23049013,6,780
23049013,7,87720
23052002,7,31360
23052005,3,16416
23052005,4,3953
23052005,5,62452
23052005,14,7872
23052005,15,62411
23054016,1,9394
23055013,6,779
23055013,7,5332
23056010,1,55102
23056010,2,62411
23057019,2,89096
23058014,9,73202
23060021,12,89177
23060021,13,62494
23062003,8,780
23062003,9,89199
23063009,5,3761
23063009,6,62412
23065004,16,780
23065004,17,80656
23065007,26,5529
23066017,10,4331
24001005,3,11220
24001005,4,62599
24002003,6,60718
24002003,7,62392
24002015,16,78923
24002016,4,779
24002016,5,89256
24002020,13,32298
24002024,6,7986
24002024,7,62808
24002025,6,780
24002025,7,87032
24002025,8,62674
24002027,13,21004
24002027,14,62543
24002033,13,76582
24003002,10,45620
24003004,5,3699
24003005,10,33620
24003007,15,778
24003007,16,2956
24003019,24,3610
24003019,32,22104
24004005,10,54448
24004019,5,33041
24004019,19,19920
24004030,1,779
24004030,2,38217
24005007,4,70702
24005024,16,76992
24006007,3,89382
24006021,26,779
24006021,27,64918
24006025,2,6585
24006025,10,13248
24006029,3,5271
24006029,4,42414
24006029,5,50962
24007022,13,6141
24007022,14,62471
24008001,8,6185
24008006,20,199
24008006,21,83972
24008006,22,62748
24008007,11,779
24008007,12,89467
24009007,2,48627
24010013,15,652
24010013,16,849
24010017,6,27120
24013016,28,779
24013016,29,20791
24013020,1,26220
24013020,4,780
24013020,5,3000
24014003,5,46556
24014003,6,62755
24014014,29,794
24014014,30,72299
24014014,31,779
24014014,32,89465
24015004,4,3862
24015004,5,77781
24015008,4,57840
24015008,5,62422
24015009,8,16318
24015011,5,89890
24015011,6,62575
24015016,9,36405
24015016,10,62578
24016016,4,3862
24016016,5,87958
24017008,16,3077
24017010,12,9196
24017010,13,23573
24017010,14,62411
24017011,14,4130
24017011,15,62422
24017013,8,779
24017013,9,88964
24017013,10,62476
24017019,12,652
24017019,13,37077
24017023,17,19617
24017024,34,207
24017024,35,62414
24018003,6,779
24018003,7,9395
24018003,8,62337
24018010,3,652
24018010,4,12023
24018016,7,80407
24018022,14,89248
24018023,28,779
24018023,29,1255
24019002,9,649
24019002,10,89929
24019015,9,15566
24021009,32,779
24021009,33,23132
24021012,32,77757
24021012,33,62662
24022004,34,778
24022004,35,35249
24022004,36,62411
24022006,23,26871
24022018,29,75651
24022018,30,62429
24022023,1,27129
24022023,5,88628
24023018,16,36386
24023018,17,62414
24024009,4,3862
24024009,5,77782
24025007,9,76721
24025007,10,62472
24025013,1,779
24025013,2,15605
24026006,14,648
24026006,15,17551
24026018,1,81222
24027020,12,90091
24028001,14,198
24028001,15,650
24028001,16,6778
24029014,10,78142
24029014,11,62654
24029018,18,3862
24029018,19,77783
24029023,26,648
24029023,27,18833
24031021,16,13343
24031039,4,84907
24031040,12,648
24031040,13,78537
24032001,10,198
24032001,11,650
24032001,12,6778
24032004,29,19074
24032004,30,62411
24032023,13,780
24032023,14,201
24032023,15,51344
24032023,16,62576
24032035,40,46810
24033008,14,3862
24033008,15,8233
24033026,22,21640
24034011,17,783
24034011,18,9326
24034011,19,62748
24034017,44,3862
24034017,45,77777
24037004,16,648
24037004,17,90291
24037019,1,779
24037019,2,44135
24038002,28,779
24038002,29,23132
24038011,24,90303
24038016,15,5202
24039012,16,3282
24039016,18,15563
24040003,23,648
24040003,24,36339
24040008,23,90322
24040016,11,4869
24041017,7,83982
24042006,12,39070
24042020,2,47264
24043010,38,90332
24043010,39,62414
24043011,1,780
24043011,2,16338
24046011,12,8687
24048004,5,46557
24048004,6,62812
24048005,3,648
24048005,4,87777
24048007,17,74734
24048007,26,38890
24048018,4,780
24048018,5,26948
24048020,5,87581
24048020,6,787
24048020,7,63251
24048021,15,79469
24048027,13,16516
24048044,1,648
24048044,2,40150
24049025,5,66033
24049028,9,90018
24049030,21,1712
24049030,22,62656
24049036,31,96336
24049039,7,21641
24049039,9,78150
24050006,3,1508
24050006,11,22102
24050006,12,62748
24050008,9,6376
24050011,2,63891
24050011,4,83059
24050011,9,90383
24050011,13,779
24050011,14,87509
24050015,9,90388
24050015,10,62806
24050044,14,43447
24050044,15,62738
24051003,2,75396
24051009,1,63953
24051013,1,23318
24051034,1,14802
24051034,2,62472
24051034,3,65683
24051034,4,62472
24051034,8,53710
24051034,9,62477
24051034,12,58635
24051034,13,62477
24051034,23,87082
24051034,24,62512
24052001,21,86663
24052011,21,30374
24052021,7,30659
24052031,43,648
24052031,44,90291
24052032,15,648
24052032,16,39495
25001006,3,5229
25001006,4,28538
25001011,8,85607
25001011,9,62759
25001018,11,651
25001018,12,37179
25002002,3,779
25002002,4,10359
25002014,17,78151
25002014,18,62674
25002019,3,196
25002019,4,650
25002019,5,4184
25003010,6,75222
25003020,3,779
25003020,4,86970
25003025,3,3862
25003025,4,61616
25003025,5,62411
25003032,8,46432
25003032,9,62431
25003039,7,58720
25003039,8,62431
25004003,2,87699
25004003,13,9178
25004003,14,650
25004003,15,93132
25004012,5,8210
25004016,14,780
25004016,15,44180
25004017,1,27862
25004017,2,62541
25004021,6,27121
25005001,7,41467
25005003,3,779
25005003,4,10450
25005005,6,779
25005005,7,10351
25005007,4,779
25005007,5,10447
25005007,6,62748
25005007,7,778
25005007,8,39080
25005021,6,782
25005021,7,21781
26001008,1,785
26001008,2,22918
26003015,12,795
26003015,13,26879
26003020,30,41862
26003020,31,62422
26004006,10,648
26004006,11,70002
26004015,10,90478
26006003,23,779
26006003,24,3762
26006003,25,650
26006003,26,74644
26007002,17,12193
26007021,17,779
26007021,18,28039
26007021,19,62435
26008006,10,16448
26008006,11,19405
26009004,4,5577
26009004,5,62411
26009005,16,39045
26009005,18,19120
26009005,19,62656
26009011,19,9166
26009011,20,8248
26009011,21,5203
26012014,6,15308
26012014,7,62412
26014004,44,16162
26014014,12,90623
26014020,3,90623
26016013,9,59339
26016013,19,14777
26016018,16,7739
26016020,23,5229
26016020,24,90673
26016020,25,62679
26016022,10,32126
26016025,24,90674
26016025,25,62679
26016031,13,5061
26016031,19,1445
26016043,4,32128
26016043,30,5062
26016047,11,5063
26016051,19,27695
26016051,20,62674
26016051,26,5064
26016053,7,78152
26016053,14,78150
26016053,19,780
26016053,20,78150
26016059,6,779
26016059,7,4997
26017021,4,90721
26017021,5,62411
26018020,30,652
26018020,31,44934
26018021,8,24843
26018021,9,62422
26018024,23,41863
26018024,24,62411
26018028,3,778
26018028,4,21838
26021028,5,9196
26021028,6,77310
26022018,8,3862
26022018,9,86912
26023014,14,37388
26023016,1,778
26023016,2,89354
26023042,14,90813
26023043,7,22284
26023043,8,56504
26024002,3,66941
26025007,13,3862
26025007,14,74298
26025009,21,779
26025009,22,39715
26027003,5,648
26027003,6,27122
26027006,15,35350
26027015,12,779
26027015,13,90907
26028003,4,5229
26028003,5,90624
26029004,3,70821
26029007,6,196
26029007,7,650
26029007,8,32751
26030016,7,81425
26031005,17,90710
26031005,18,62411
26031018,32,42990
26031018,33,62392
26032031,9,42980
26032031,10,62412
26032032,4,90852
26032032,5,62471
26032032,20,42990
26032032,21,62392
26033013,19,41862
26033013,20,62422
26033016,2,24843
26033016,3,62422
26035009,9,22014
26035012,18,73154
26036013,11,38223
26036013,14,35488
26036013,15,62674
26036014,6,779
26036014,7,35489
26036014,8,62674
26036014,10,52401
26036015,16,779
26036015,17,35490
26036015,18,62675
26037016,20,81346
26037016,21,62411
26037016,38,81347
26037016,39,62431
26037019,21,81346
26037019,22,62411
26037022,25,1256
26039011,36,42990
26039011,37,62392
26039025,9,78148
26040006,13,195
26040006,14,67596
26040006,15,62411
26040009,9,779
26040009,10,84807
26040009,11,62411
26040015,6,651
26040015,7,91020
26040021,1,779
26040021,2,85339
26040021,3,62411
26040021,11,779
26040021,12,84808
26040021,13,62411
26040021,14,779
26040021,15,84675
26040021,16,62422
26040022,1,779
26040022,2,32556
26040022,3,62411
26040022,4,779
26040022,5,84675
26040022,6,62422
26040022,7,779
26040022,8,84776
26040022,9,62411
26040022,27,779
26040022,28,84676
26040022,29,62411
26040024,15,84809
26040024,16,62422
26040024,17,779
26040024,18,84677
26040024,19,62411
26040025,5,780
26040025,6,3862
26040025,7,84678
26040025,8,62422
26040026,4,33925
26040026,5,62411
26040026,6,779
26040026,7,84679
26040026,8,62411
26040026,24,84810
26040026,25,62431
26040029,1,779
26040029,2,85340
26040029,3,62411
26040029,4,779
26040029,5,84808
26040029,6,62411
26040029,7,779
26040029,8,84675
26040029,9,62422
26040029,19,780
26040029,20,3862
26040029,21,84680
26040029,22,62411
26040031,1,779
26040031,2,84681
26040031,3,62411
26040031,11,84811
26040031,12,62411
26040031,16,79106
26040031,17,62431
26040033,1,779
26040033,2,85340
26040033,3,62411
26040033,4,779
26040033,5,84812
26040033,6,62411
26040033,7,779
26040033,8,84675
26040033,9,62422
26040033,19,780
26040033,20,3862
26040033,21,84680
26040033,22,62411
26040034,1,779
26040034,2,84681
26040034,3,62411
26040034,12,84813
26040034,13,62411
26040034,22,79106
26040034,23,62431
26040036,1,85341
26040036,2,62422
26040036,3,84814
26040036,4,62411
26040036,5,779
26040036,6,84682
26040036,7,62411
26040037,1,779
26040037,2,84815
26040037,3,62411
26040037,12,84807
26040037,13,62411
26040037,22,79106
26040037,23,62431
26041008,9,88535
26041015,14,779
26041015,15,91040
26041015,16,62813
26042009,1,780
26042009,2,5229
26042009,3,5306
26042009,4,648
26042009,5,81954
26042009,8,648
26042009,9,15567
26042014,29,779
26042014,30,22243
26042016,10,28275
26043011,22,91052
26043011,23,62411
26043011,31,91053
26043011,32,62411
26043011,35,51403
26043011,36,62422
26043015,6,780
26043015,7,5271
26043015,8,652
26043015,9,91066
26043016,1,779
26043016,2,652
26043016,3,91067
26043026,13,22881
26043026,14,62431
26044003,9,3885
26044003,10,14473
26044005,36,51404
26044005,37,62411
26044024,6,3862
26044024,7,39857
26044024,11,42619
26044024,12,62415
26045003,9,28776
26045005,11,782
26045005,12,1476
26046009,46,6428
26046015,1,4854
26046019,27,198
26046019,28,650
26046019,29,61429
26047008,29,779
26047008,30,63967
26047010,3,44122
26047011,1,91100
26047011,2,62411
26047012,38,779
26047012,39,1477
26048014,11,32459
26048015,29,195
26048015,30,4390
26048015,31,62430
26048016,15,28758
26048018,28,60719
26048018,29,62424
26048021,57,195
26048021,58,4390
26048021,59,62430
27001004,7,72548
27002004,15,89610
27002004,16,93580
27002004,17,94397
27002005,5,89610
27002005,6,37397
27002009,16,93879
27002010,2,37401
27002022,10,89727
27002022,11,94547
27002026,11,94658
27002026,12,93923
27002026,13,94397
27002029,1,94718
27002031,1,94718
27002033,7,89789
27002033,8,94471
27002033,11,89727
27002033,12,89789
27002033,13,94472
27002037,1,94718
27002038,5,94973
27002038,23,94720
27002039,12,95017
27002040,3,95021
27002041,7,89789
27002041,8,94473
27002041,12,89727
27002041,13,89789
27002041,14,94474
27002042,4,89789
27002042,5,94475
27002042,7,89727
27002042,8,89789
27002042,9,94474
27002043,1,89726
27002043,2,89677
27003003,23,89726
27003003,24,94512
27003005,8,95169
27003007,16,95170
27003010,1,94718
27003010,13,95169
27003010,16,89726
27003010,17,95183
27003012,20,93969
27003012,21,94397
27003012,24,89613
27003012,25,89674
27003012,26,94399
27003015,14,95171
27003018,14,93924
27003018,15,94392
27003019,10,93911
27003021,9,95309
27003021,10,94456
27003025,24,95022
27003026,21,95350
27003028,32,95356
27003028,33,94457
27003029,14,95370
27003031,10,94974
27003032,9,95351
27004004,3,94228
27004004,6,37402
27004009,23,94972
27004013,4,93943
27004014,16,95352
27004014,19,93944
27004014,31,93970
27004014,32,94470
27004015,7,89726
27004015,8,94721
27004015,27,89726
27004015,28,94718
27004016,32,95122
27004016,33,94377
27004016,35,89610
27004016,36,95518
27004016,37,94397
27004016,41,89610
27004016,42,95520
27004016,43,94408
27004019,1,94720
27004021,6,95353
27004021,11,95123
27004021,12,94373
27004022,32,93971
27004022,33,94397
27004022,39,95354
27004024,6,93972
27004024,7,94397
27004024,8,89728
27004024,9,95543
27004024,10,94399
27004029,23,93971
27004029,24,94397
27004029,30,95354
27004031,18,89727
27004031,19,89610
27004031,20,95353
27004032,3,94975
27004032,16,89726
27004032,17,94976
27005005,4,94084
27005007,9,37402
27005007,33,89726
27005007,34,95724
27005008,2,94229
27005008,12,89727
27005008,13,93587
27005008,14,94432
27005010,12,94230
27005013,13,94720
27005014,3,93972
27005014,4,94397
27005016,4,93972
27005016,5,94397
27005016,7,93984
27005016,17,93985
27005016,29,89726
27005016,30,95724
27005018,1,94722
27005018,4,95355
27005019,14,95743
27005021,11,95374
27005021,35,95353
27005021,45,93970
27005021,46,94470
27005022,1,89726
27005022,2,94723
27005023,13,93787
27005023,14,94397
27005023,15,89726
27005023,16,94721
27005023,17,89726
27005023,18,95618
27005023,19,94397
27005029,10,89726
27005029,11,95725
27005030,8,37399
27006001,3,95792
27006014,18,93969
27006014,19,94397
27006017,24,94723
27006021,26,94723
27006023,26,93788
27006023,27,94399
27006026,13,94974
27006027,13,95744
27006029,12,95903
27007005,21,95928
27007005,22,94468
27007006,18,95932
27007006,19,94468
27007007,11,95023
27007007,30,94140
27007007,31,94856
27007007,32,94468
27007008,11,95924
27007008,12,94476
27007008,18,95939
27007008,20,93789
27007008,21,94468
27007010,11,95647
27007010,16,95965
27007019,12,92243
27007019,13,94477
27007019,16,95929
27007019,17,94468
27007020,13,89727
27007020,14,95098
27007020,16,93790
27007020,17,94468
27007023,6,95024
27007025,5,95353
27008011,10,31609
27009005,4,67830
27009012,4,36387
27009012,5,62433
27009018,8,19021
27009024,16,780
27009024,17,3862
27009024,18,60480
27009024,19,24745
27011010,1,780
27011010,2,21169
27011010,3,62411
27011010,19,779
27011010,20,76257
27011010,22,80685
27011010,23,62430
27011012,5,779
27011012,6,31583
27011018,1,779
27011018,2,11703
27011039,10,51936
28006010,5,89921
28008012,1,66956
28008012,4,42870
28009016,7,87759
28010010,17,25936
28010010,18,62766
29004001,15,21641
30008004,9,68004
30008008,23,779
30008008,24,73823
30009006,6,67597
30009006,7,62411
31001011,16,45309
31001011,17,62411
33001003,13,73200
33001008,7,91374
33001010,13,89405
33003002,5,12032
34001003,4,780
34001003,5,7073
34002001,20,3770
34002001,21,32232
34002006,5,200
34002006,6,91448
34002006,7,62748
34003003,21,779
34003003,22,73347
35003004,16,66089
35003004,17,62429
35003014,6,91509
35003014,7,62411
36002007,26,78153
36002007,27,62766
36002009,35,35429
36002009,36,62471
37001008,15,779
37001008,16,44663
38001004,27,780
38001004,28,77765
38001004,29,62656
38001016,18,779
38001016,19,84901
38002008,3,5577
38002008,4,62411
38004002,8,781
38004002,9,2220
38011002,15,648
38011002,16,91661
38014002,23,45619
38014006,12,796
38014006,13,91678
14032021,33,97895
10018020,28,5430
