strong,griUniekeid,kan,uniek
2041,1939,1,1
3956,3830,1,1
4314,4490,1,3
444,438,1,1
2316,5308,1,1
3588,2380,1,1
5600 (1510),1459,0,1
739,728,1,1
2443,2371,1,1
1343,1303,1,1
1722,1653,1,1
3809,3812,1,1
1882,1754,1,1
[1650],1594,0,1
1319,1277,1,1
5624,3729,1,1
2532,2668,1,1
2315,5305,1,1
1124,2188,1,1
2424,2609,1,2
5547,1078,1,1
4102,4256,1,1
1223,1177,1,2
4991,4884,1,1
1519,1467,1,1
4679,4871,1,1
4571,4983,1,1
1410,1378,1,1
1492,1442,1,1
1121,2185,1,1
2413,2349,1,1
1025,974,1,1
575,556,1,1
3754,2455,1,1
3129,3306,1,1
5101,5369,1,1
3844,3850,1,3
4104,4258,1,1
3739,2381,1,1
3306,3384,1,1
1161,1113,1,1
4771,4983,1,1
4105,4260,1,1
5501,1025,1,1
1909,1795,1,3
4298,4464,1,1
1114,2173,1,1
4190,4347,1,1
1377,1311,1,1
2153,2040,1,1
2198,5482,1,1
2309,5298,1,1
2962,3151,1,1
4506,4684,1,1
3165,3524,1,1
1537,1481,1,1
5297,2554,1,1
1375,1310,1,1
3634,2390,1,1
3082,3263,1,1
2430,2614,1,1
490,457,1,1
1096,2157,1,1
3427,3524,1,1
3804,3969,1,1
5281,2551,1,1
26,62,1,1
3115,3291,1,1
4286,4568,1,1
72,89,1,1
3450,3524,1,1
3877,3880,1,1
1565,1502,1,1
5613,2438,1,1
2071 (1510),1459,0,1
1552,1490,1,1
846,833,1,1
454,406,1,1
1063,2122,1,1
4119,4273,1,1
3756,3780,1,1
235,202,1,1
4012,4025,1,2
96,46,1,1
3563,3631,1,1
2704,2819,1,1
225,191,1,1
436,430,1,1
3778,5404,1,1
3779,2458,1,1
3475,3523,1,1
2387,2586,1,1
2389,2588,1,1
5158,5444,1,1
2064,1925,1,1
1922,1823,1,1
3368,3347,1,1
3842,3845,1,1
4164,4318,1,1
2237,2258,1,1
1939,1908,1,1
71,88,1,1
266,2233,1,1
4987,4879,1,1
1133,2197,1,1
163,108,1,1
3614,3665,1,1
1744,1672,1,1
1526 (1510),1459,0,1
5130,5404,1,1
665,654,1,1
5128,5404,1,1
720,711,1,1
1411,1379,1,1
2150,2037,1,1
3446,3520,1,1
2192,1404,1,1
5377,4157,1,1
2228,1395,1,1
3123,3298,1,1
5369,4138,1,1
5187,5461,1,1
4312,4479,1,1
4273,4432,1,1
865,533,1,1
434,380,1,1
193,167,1,1
1228,1182,1,1
786,762,1,1
794,775,1,1
462,415,1,1
884,14,1,1
545,507,1,1
1118,2181,1,1
989,935,1,1
5244,2512,1,1
213,186,1,1
5366,4135,1,1
5367,4136,1,1
5467,993,1,1
2540,2679,1,1
1764,1689,1,1
2250,2292,1,1
2078,1950,1,1
1097,2166,1,1
5124,5404,1,1
366,319,1,1
3803,3809,1,1
2221,5500,1,1
5259,2528,1,2
2307,5296,1,1
3341,3427,1,1
1325,1335,1,1
3379,3390,1,1
475,443,1,1
3811,3813,1,1
4240,4395,1,1
420,397,1,1
1317,1275,1,1
1511 (1510),1459,0,1
2261,1852,1,1
3164,3271,1,1
1163,1147,1,1
1401,1368,1,1
3163,3270,1,1
1080,2143,1,1
3868,3872,1,1
2214,5496,1,1
521,477,1,1
3474,3517,1,1
2588,2729,1,1
2513,2883,1,1
1941,1826,1,1
3326,3413,1,2
1515,1462,1,1
5343,4125,1,1
3512,3572,1,1
2090,2331,1,1
18,65,1,1
1203,1164,1,1
2173,1987,1,1
37,2204,1,1
5092,5376,1,1
4632,4832,1,1
1438,2248,1,1
1571,1508,1,1
3767,3791,1,1
5100,5369,1,1
1437,1397,1,1
3173,3349,1,1
2076 (1510),1459,0,1
3440,3511,1,1
5552,1083,1,1
693,694,1,1
3585,5476,1,1
3749,3773,1,1
3303,3381,1,1
819,805,1,1
3305,3386,1,1
1116,2179,1,1
4731,4949,1,1
2310,5301,1,1
2476,2378,1,1
4973,4907,1,1
5607 (1510),1459,0,1
868,535,1,1
93,41,1,1
3687,3718,1,1
3686,3717,1,1
5132,5411,1,1
396,359,1,1
2235,1411,1,1
386,343,1,1
3004,3181,1,1
795,774,1,1
3748,2456,1,1
5372,4142,1,1
5211,2478,1,1
3542,3608,1,1
1044,2108,1,1
3056,3235,1,1
763,737,1,1
4026,4041,1,1
2757,2938,1,1
952,898,1,1
3718,3763,1,1
422,384,1,1
2040,1937,1,1
3936,3940,1,2
1384,1347,1,1
4572,4764,1,1
4704,4922,1,1
191,165,1,1
2692,2851,1,1
1909,1796,1,3
5539,1069,1,1
3762,3786,1,2
3054,3233,1,1
3361,3340,1,1
1799,1703,1,1
1263,1219,1,1
5279,2549,1,1
5023,5404,1,1
4103,4257,1,1
569,551,1,1
1487,1437,1,1
2248,2291,1,1
2548,2685,1,1
4821,5089,1,1
5278,2548,1,1
4800,5162,1,1
4880,5083,1,1
1223 5124,1175,0,1
1223,1176,1,2
1588,1524,1,1
5177,5455,1,1
1391,1369,1,1
166,123,1,1
3844,3848,1,3
5449,4236,1,1
1210,1147,1,1
2557,2699,1,1
1199,1161,1,1
3360,3342,1,1
2553,2693,1,1
2098,1975,1,1
2596,2737,1,2
1138,1112,1,1
4690,4899,1,1
3498,3566,1,1
1453,1412,1,1
3421,3489,1,1
3539,3607,1,1
4671,4983,1,1
4907,5116,1,1
2222,5499,1,1
3739-3603,2381,1,1
3335,3421,1,1
2590,2734,1,1
4412,4575,1,1
1092,2149,1,1
2872,3057,1,1
118,798,1,1
3545,3610,1,1
3362,1398,1,1
4737,4946,1,1
700,688,1,1
4758,4972,1,1
4230,4390,1,1
979,927,1,1
1707,1642,1,1
4754,4969,1,1
4757,4971,1,1
2570,2708,1,1
4777,5124,1,1
1321,1279,1,1
2087,2327,1,1
2425,2357,1,1
3908,3916,1,1
3144,3318,1,1
4183,4337,1,1
1700,1630,1,1
5485,1010,1,1
1743,1674,1,1
5043,5227,1,1
957,904,1,1
1247,1203,1,1
2181,1789,1,1
3745,2447,1,1
1656,1597,1,1
2147,2336,1,1
2212,5495,1,1
4709,4921,1,1
4516,4701,1,1
1870,1741,1,1
254,2229,1,1
404,335,1,1
4178,4334,1,1
3624,3675,1,1
3683,3715,1,1
2061,2313,1,1
5436,4222,1,1
773,743,1,1
654,637,1,1
2254,2291,1,1
1774,1702,1,1
40,2205,1,1
4151,4306,1,1
5442,4226,1,1
3866,3917,1,1
5198,2471,1,1
5296,2567,1,1
1415,1383,1,1
3982,3997,1,1
4100,4254,1,1
3958,3964,1,1
156,139,1,1
1484,1966,1,1
1320,1278,1,1
652,635,1,1
2783,2964,1,1
1473,1436,1,1
5087,5285,1,1
861,548,1,1
5461,4191,1,1
2288,5276,1,1
2673,2828,1,1
2257,2291,1,1
4990,4883,1,1
2015,1857,1,1
3568,3639,1,1
5319,4097,1,1
5550,1080,1,1
4253,4413,1,1
2398,2599,1,1
2993,3169,1,1
2821,2998,1,1
2564,2702,1,1
4982,4888,1,1
1198,1159,1,1
1691,1630,1,1
3366,3344,1,1
3142,3317,1,1
4995,4875,1,1
1167,1120,1,1
5495,1021,1,1
1936,1905,1,1
5486,1011,1,1
329,365,1,1
363,316,1,1
2131,2007,1,1
4675,4983,1,1
3384,3438,1,1
3090,3241,1,1
3125,3299,1,1
505,471,1,1
2983,3161,1,1
5280,2550,1,1
4137,4286,1,1
5479,1005,1,1
1144,1095,1,1
3415,3483,1,1
1971,1866,1,1
3571,3643,1,1
1162,1116,1,1
3417,3485,1,1
4012,4026,1,2
88,36,1,1
4893,5102,1,1
4269,4449,1,1
3000,3177,1,1
3962,3968,1,1
27,63,1,1
5095,5382,1,1
1860,1732,1,1
3972,3981,1,1
281,232,1,1
5216,2477,1,1
1861,1733,1,1
1108,2170,1,1
5581,4599,1,1
477,465,1,1
1624,1570,1,1
5599,3644,1,1
3689,3720,1,1
1949,1836,1,1
3195,3374,1,1
597,645,1,1
2843,3020,1,1
2130,2006,1,1
4147,4301,1,1
14,64,1,2
619,598,1,1
4146,4300,1,1
3930,3923,1,1
83,30,1,1
4149,4303,1,1
1909,1797,1,3
1679,1613,1,1
5309,2571,1,1
3853,3868,1,1
165,122,1,1
4145,4299,1,1
2904,3090,1,1
3761,3785,1,1
676,658,1,1
3611,3661,1,1
5457,4186,1,1
110,790,1,1
3441,3511,1,1
2961,3150,1,1
936,876,1,1
935,877,1,1
1413,1381,1,1
3107,3282,1,1
1166,1119,1,1
423,385,1,1
784,760,1,1
1785,1718,1,1
5083,5248,1,1
3671,2410,1,1
4091,4245,1,1
4194,4350,1,1
3140,3315,1,1
2227,5505,1,1
3670,2409,1,1
73,90,1,1
75,92,1,1
[4236],4399,0,1
3601,3654,1,1
4044,4058,1,1
635,618,1,1
3713,3749,1,1
5365,4134,1,1
2556,2690,1,1
4491,4695,1,1
684,599,1,1
3639,3690,1,1
1036,987,1,1
983,931,1,1
453,405,1,1
3986,3993,1,1
1706,1641,1,1
1014,962,1,1
714,706,1,1
5125,5404,1,1
4629,4829,1,1
1305,1267,1,1
1627,1538,1,1
1212,1137,1,1
2889,3077,1,1
1533,1477,1,1
841,824,1,1
4200,4356,1,1
3543,3612,1,1
650,633,1,1
1311,1236,1,1
[3859],1230,0,1
5283,2553,1,1
988,934,1,1
2054,1943,1,1
5355,4219,1,1
3055,3234,1,1
3552,3619,1,1
1987,1886,1,1
3367,3345,1,1
4334,4515,1,1
2085,2325,1,1
5100-1536,5369,1,1
3870,3873,1,1
482,449,1,1
2108,1990,1,1
1398,1366,1,1
80,32,1,1
2706,2817,1,1
987,933,1,1
3363,2372,1,1
2233,2265,1,1
514,837,1,1
2218,5508,1,1
5259,2527,1,2
2928,3115,1,1
247,212,1,1
4271,4430,1,1
5615,2441,1,1
1872,1743,1,1
2920,3104,1,1
4254,4414,1,1
769,770,1,1
4437,4634,1,1
4751,4965,1,1
5530,1061,1,1
3641,3691,1,2
3631,3684,1,1
5202,2469,1,1
3371,3362,1,1
53,2211,1,1
245,214,1,1
2841,3018,1,1
2007,1904,1,1
5030,5187,1,1
4346,4526,1,1
4160,4315,1,1
4299,4465,1,1
5565,1053,1,1
32,78,1,1
5401,4170,1,1
3062,3240,1,1
1651,1592,1,1
264,2231,1,1
5140,5420,1,1
1417,1385,1,1
1508,1440,1,1
1622,1568,1,1
3858,3861,1,1
2724,2862,1,1
4245,4406,1,1
2596,2738,1,2
3408,3479,1,1
5392,4161,1,1
248,215,1,1
1016,964,1,1
3122,3297,1,1
515,838,1,1
1362,1323,1,1
4291,4457,1,2
2573,2710,1,1
1884,1760,1,1
5503,1028,1,1
1577,1512,1,1
916,859,1,1
4567,4753,1,1
3694,3735,1,1
5484,1009,1,1
3059,3237,1,1
480,447,1,1
874,543,1,1
3616,3667,1,1
5041,5225,1,1
1060,2119,1,1
3501,3573,1,2
2980,3159,1,1
4021,4040,1,1
5397,4166,1,1
692,693,1,1
4022,4038,1,1
260,2230,1,1
114,796,1,1
4413,4575,1,1
2917,3101,1,1
2691,2848,1,1
3752,2452,1,1
2346,5332,1,1
3538,3604,1,1
4228,4388,1,1
3580,5471,1,1
5044,5228,1,1
1135,2199,1,1
435,387,1,1
1520,2297,1,1
1835,2339,1,1
1640,1583,1,2
2094,1972,1,1
2639,2789,1,1
571,553,1,1
4306,4472,1,1
3609,3659,1,1
2348,5334,1,1
4684,4893,1,1
4335,4517,1,1
4357,4537,1,1
3443,3512,1,1
587,569,1,1
591,573,1,1
287,245,1,1
2151,2038,1,1
1549,1506,1,1
5091,5375,1,1
47,2208,1,1
79,31,1,1
1969,1864,1,1
1961,1849,1,1
1907,1765,1,1
5318,4096,1,1
4297,4463,1,1
2468 (1510),1459,0,1
3191,3371,1,1
4244,4405,1,1
4394,4482,1,1
272,229,1,1
3874,3877,1,1
320,286,1,1
4337,4511,1,1
2193,2305,1,1
391,348,1,1
5179,5463,1,1
3503,3574,1,1
3679,3710,1,1
594,574,1,1
1129,2192,1,1
4984,4866,1,1
1128,2193,1,1
3454,3542,1,1
1126,2187,1,1
1789,1721,1,1
1249,1205,1,1
5294,2566,1,1
1783,1712,1,1
2169,1983,1,1
579,560,1,1
2938,3124,1,1
1921,1822,1,1
3336,3422,1,1
2936,3126,1,1
1033,977,1,1
567,497,1,1
2967,3041,1,1
2743,2924,1,1
5573,4595,1,1
5272,2541,1,1
1140,1092,1,1
4108,4263,1,1
5306,2581,1,1
4490,4678,1,1
353,306,1,1
2784,2963,1,1
3700,3746,1,2
1344,1300,1,1
4561,4752,1,1
3466,3541,1,1
3672,2411,1,1
1477,2259,1,1
4769,4982,1,1
390,347,1,1
4459,4370,1,1
1019,970,1,1
5032,5189,1,1
1125,2189,1,1
3954,3958,1,1
4046,4062,1,1
898,884,1,1
3391,2297,1,1
2077 (1510),1459,0,1
3524,3575,1,1
4586,4783,1,1
410,372,1,1
1534,1479,1,1
1381,1344,1,1
146,126,1,1
1351,1307,1,1
3680,3709,1,1
1855,2096,1,1
3141,3316,1,1
3504,3571,1,1
1959,1847,1,1
4587,4784,1,1
5292,2564,1,1
[4291],4456,0,2
866,534,1,1
269,223,1,1
1933,1818,1,1
4131,4276,1,1
3943,3948,1,1
1985,1881,1,1
4998,4873,1,1
2887,3074,1,1
1937,1906,1,1
1984,1879,1,1
4997,4878,1,1
38,2203,1,1
5042,5226,1,1
3847,3853,1,1
1818,2068,1,1
538,493,1,1
76,25,1,1
2096,1974,1,1
4111,4265,1,1
2271,2322,1,1
831,828,1,1
2010,1911,1,1
2317,5309,1,1
4241,4402,1,1
4185,4342,1,1
2441,2369,1,1
3135,3309,1,1
5557,1089,1,1
4117,4272,1,1
2885,3072,1,1
127,111,1,1
[2887],3075,0,1
2689,2847,1,1
1261,1215,1,1
3709,3752,1,1
3741,2444,1,1
1869,1740,1,1
5117,5399,1,1
4336,4518,1,1
5574,4592,1,1
3316,3401,1,1
1236,1195,1,1
2272,2323,1,1
2263,1928,1,1
5247,2517,1,1
5228,2495,1,2
3860,3864,1,1
223,200,1,1
3489,3555,1,1
683,644,1,1
4752,4967,1,1
3852,3867,1,1
4680,4872,1,1
517,473,1,1
862,549,1,1
537,2235,1,1
1731,1664,1,1
1698,1630,1,1
1653,1587,1,1
1510,1459,1,1
268,2234,1,1
5250,2523,1,1
570,552,1,1
50,84,1,1
5197,2464,1,1
1376,1312,1,1
4386,4565,1,1
1248,1204,1,1
1965,1854,1,1
5583,4603,1,1
405,366,1,1
733,722,1,1
4205,4361,1,1
409,370,1,1
3389,3459,1,1
3964,3978,1,1
765,739,1,1
506,472,1,1
459,411,1,1
2749,2927,1,1
3551,3614,1,1
1342,1299,1,1
1226,1180,1,1
3383,3434,1,1
3547,3613,1,1
3150,3324,1,1
5056,5245,1,1
3622,3673,1,1
[2214],1573,0,1
562,517,1,1
1076,2138,1,1
3109,3281,1,1
4198,4355,1,1
2531,2901,1,1
1103,2164,1,1
1680,1612,1,1
2003,1899,1,1
1992,1892,1,1
4592,4779,1,1
1699,1629,1,1
783,754,1,1
1223 3956,1173,0,1
5213,2477,1,1
3560,3633,1,1
2190,1408,1,1
1788,1722,1,1
4874,5075,1,1
4593,4780,1,1
5126,5404,1,1
5219,2484,1,1
2569,2709,1,1
[1573],1421,0,1
5210,2477,1,1
2068,1960,1,1
740,729,1,1
2038,1938,1,1
5108,5391,1,1
4020,4039,1,1
814,785,1,1
4043,4057,1,1
5209,2477,1,1
2258 (1510),1459,0,1
3753,2453,1,1
3401,3470,1,1
1849,2099,1,1
1912,1800,1,1
3449,3492,1,1
2873,3058,1,1
5315,4092,1,1
1432,1356,1,1
812,783,1,1
3880,3883,1,1
3862,3865,1,1
4724,4938,1,1
2720,2873,1,1
4741,4952,1,1
824,810,1,1
1392,1370,1,1
5143,5415,1,2
3063,3240,1,1
25,61,1,1
1535,1480,1,1
2902,3088,1,1
4739,4937,1,1
686,665,1,1
4047,4063,1,1
746,672,1,1
138,2217,1,1
2168,1982,1,1
2106,1988,1,1
2919,3102,1,1
5579,4601,1,1
4106,4261,1,1
1753,1681,1,1
3992,4003,1,1
1209,1115,1,1
473 3739,429,0,1
622,603,1,1
539,494,1,1
5059,5247,1,1
3952,3955,1,1
4750,4964,1,1
337,289,1,1
601,580,1,1
5119,5401,1,1
3319,3403,1,1
737,726,1,1
2722,2859,1,1
458,410,1,1
1754,1683,1,1
2089,1970,1,1
584,566,1,1
2523,2896,1,1
3485,3549,1,1
5620,2450,1,1
4574,4765,1,1
5229,2496,1,1
5207,2474,1,1
646,629,1,1
2360,5348,1,1
4531,4721,1,1
1997,1897,1,1
2065,1946,1,1
1740,1670,1,1
3704,2420,1,1
19,69,1,1
2107,1989,1,1
2296,5284,1,1
2479,2654,1,1
4383,4543,1,1
5099,5383,1,1
1349,1305,1,1
1557,1494,1,1
5395,4164,1,1
4442,4639,1,1
3772,3795,1,1
602,579,1,1
425,389,1,1
2347,5333,1,1
467,422,1,1
3844,3849,1,3
1512,1460,1,1
932,874,1,1
2661,2857,1,1
1730,1663,1,1
430,371,1,1
[2744],1690,0,1
240,207,1,1
1538,2266,1,1
4121,4280,1,1
5232,2499,1,1
3784,3726,1,1
2331,5329,1,1
4610,4803,1,1
314,284,1,1
[3726],1704,0,1
5370,4139,1,1
782,755,1,1
274,231,1,1
4983,4865,1,1
5590,4610,1,1
3648,2393,1,1
3651,2396,1,1
1491,1448,1,1
1848,2101,1,1
4570,4756,1,1
89,37,1,1
5463,989,1,1
473,440,1,1
3708,2426,1,1
3114,3290,1,1
772,773,1,1
472,426,1,1
3642,3694,1,1
3888,3891,1,1
813,784,1,1
1514,1463,1,1
5228 [4057],2508,0,1
[4291],4457,0,2
3618,3670,1,1
1352,1308,1,1
4862,5064,1,1
2518,2890,1,1
1127,2191,1,1
599,648,1,1
4030,4045,1,1
2382,5337,1,1
1746,1672,1,1
3525,3577,1,1
2249,2291,1,1
3184,3444,1,1
3182,3445,1,1
4655,4852,1,1
2070 (1510),1459,0,1
2075 (1510),1459,0,1
2638,2788,1,1
2812,2991,1,1
1064,2123,1,1
5604,3650,1,1
5618,2448,1,1
2186,1792,1,1
160,124,1,1
803,756,1,1
199,172,1,1
5532,1063,1,1
109,53,1,1
529,485,1,1
3507,3576,1,1
726,2247,1,1
4035,4050,1,1
1899,1774,1,1
450,400,1,1
2597,2739,1,1
4536,4726,1,1
743,670,1,1
5456,4175,1,1
2752,2932,1,1
2837,3015,1,1
5348,4212,1,1
3364,3778,1,1
3076,3258,1,1
1854,2087,1,1
2156,2035,1,1
4238,4397,1,1
2270,2321,1,1
5389,4158,1,1
4052,4069,1,1
3650,2394,1,1
2312,5302,1,1
5360,4128,1,1
5105,5388,1,1
167,155,1,1
4277,4441,1,1
1558,1495,1,1
1360,1320,1,1
4229,4389,1,1
4122,4281,1,1
5233,2500,1,1
2509,2879,1,1
3806,3971,1,1
2932,3119,1,1
4202,4359,1,1
1715,1651,1,1
42,2206,1,1
273,230,1,1
3598,2389,1,1
5303,2578,1,1
2675,2832,1,1
1189,1148,1,1
318,283,1,1
2097,1977,1,1
2504,2667,1,3
4722,4935,1,1
4458,4371,1,1
3985,3994,1,2
4302,4468,1,1
4525,4714,1,1
116,792,1,1
2641,2791,1,1
3780,3783,1,1
2746,2917,1,1
4735,4947,1,1
1465,1429,1,1
1364,1327,1,1
530,2236,1,1
642,625,1,1
5610,2423,1,1
378,333,1,1
1727,1657,1,1
1559,1496,1,1
4396,4483,1,1
615,594,1,1
2453,2641,1,2
4853,5052,1,1
2449,2638,1,1
3402,3471,1,1
230,196,1,1
189,161,1,1
516,839,1,1
3143,3315,1,1
1346,1301,1,1
3743,2445,1,1
3330,3416,1,1
2442,2397,1,1
2282,5269,1,1
5162,5442,1,1
243,209,1,1
4124,4283,1,1
4392,4480,1,1
3777,3801,1,1
2850,3027,1,1
4218,4378,1,2
1388,1352,1,1
3955,3959,1,1
5375,4145,1,1
5195,2465,1,1
4310,4476,1,1
2756,2936,1,1
1529,1475,1,1
362,315,1,1
518,475,1,1
3697,2419,1,1
1994,1894,1,1
1497,1446,1,1
1831,2081,1,1
882,12,1,1
1837,2075,1,1
3326,3412,1,2
4136,4288,1,1
1589,1525,1,1
991,939,1,1
751,678,1,1
2036,1916,1,1
2994,3170,1,1
3564,3635,1,1
1214,1139,1,1
2395,2594,1,1
3065,3243,1,1
2404,2344,1,1
4192,4348,1,1
4135,4287,1,1
5046,5232,1,1
1889,1755,1,1
3931,3925,1,1
4904,5115,1,1
4061,4078,1,1
2459,2648,1,1
431,386,1,1
921,863,1,1
3138,3312,1,1
4869,5068,1,1
708,700,1,1
5602,2382,1,1
1107,2169,1,1
3682,3714,1,1
4889,5093,1,1
5190,5454,1,1
611,590,1,1
741,730,1,1
217,2221,1,1
1805,2057,1,1
4678,4870,1,1
3863,3921,1,1
455,407,1,1
2374,5363,1,1
4342,4521,1,1
2471,2659,1,1
4382,4540,1,1
91,40,1,1
2865,3045,1,1
2817,2994,1,1
469,424,1,1
5399,4167,1,1
572,2239,1,1
441,435,1,1
3787,3733,1,1
120,802,1,1
3949,3953,1,1
2101,1979,1,1
5359,4127,1,1
4087,4241,1,1
433,376,1,1
5293,2565,1,1
103,45,1,1
4152,4307,1,1
5603,3649,1,1
5215,2481,1,1
5568,4585,1,1
2170,1984,1,1
1018,966,1,1
5047,5236,1,1
4886,5092,1,1
5483,1013,1,1
3437,3508,1,1
5012,5205,1,1
5544,1074,1,1
3628,3681,1,1
4698,4914,1,1
1658,1601,1,1
4658,4856,1,1
915,858,1,1
203,176,1,1
1672,2285,1,1
1762,1686,1,1
3699,2422,1,1
1504,1452,1,1
341,293,1,1
3501,3570,1,2
4234,4400,1,1
3820,3822,1,1
554,509,1,1
148,128,1,1
2549,2687,1,1
2372,5361,1,1
659,642,1,1
3570,3640,1,1
543,505,1,1
1495,1444,1,1
1093,2127,1,1
3196,3375,1,1
3499,3567,1,1
5426,4203,1,1
507,403,1,1
2521,2888,1,1
1188,1172,1,1
3757,2457,1,1
4891,5100,1,1
4140,4290,1,1
857,527,1,1
1479,1961,1,1
1778,1707,1,1
671,564,1,1
5356,4220,1,1
2345,5331,1,1
1089,2156,1,1
680,2240,1,1
1379,1341,1,1
4747,4960,1,1
838,835,1,1
837,834,1,1
4822,5024,1,1
2023,1807,1,1
860,2237,1,1
2776,2945,1,1
5448,4234,1,1
1500,1450,1,1
1687,1619,1,1
2356,5344,1,1
2603,2746,1,1
4639,4833,1,1
4521,4710,1,1
3561,3629,1,1
1859,2304,1,1
3313,3398,1,1
4213,4373,1,1
1035,980,1,1
2358,5346,1,1
1165,1118,1,1
4716,4933,1,1
4338,4513,1,1
142,125,1,1
5227,2493,1,1
1378,1340,1,1
5498,1024,1,1
1813,2063,1,1
3900,3907,1,1
4806,5166,1,1
908,850,1,1
4916,5148,1,1
555,510,1,1
886,17,1,1
4059,4075,1,1
4985,4867,1,1
2320,5312,1,1
4138,4285,1,1
2730,2907,1,1
5385,4153,1,1
4812,5015,1,1
950,896,1,1
2026,1917,1,1
4492,4696,1,1
4733,4948,1,1
5010,5217,1,1
548,500,1,1
614,592,1,1
2344,5327,1,1
2245,2277,1,1
2605,2760,1,1
5127,5404,1,1
1074,2136,1,1
613,593,1,1
466,421,1,1
2937,3123,1,1
3334,3420,1,1
1476,2260,1,1
2311,5300,1,1
1065,2128,1,1
2714,2866,1,1
299,247,1,1
604,582,1,1
1271,1226,1,1
526,482,1,1
129,2214,1,1
1517,1465,1,1
4416,4579,1,1
4409,4566,1,1
4921,5123,1,1
2963,3152,1,1
2362,5350,1,1
3707,2428,1,1
859,529,1,1
629,609,1,1
3179,3441,1,1
2819,2997,1,1
3310,3394,1,1
2427,2358,1,1
1412,1380,1,1
2592,2732,1,1
699,687,1,1
154,137,1,1
3973,3982,1,1
1213,1138,1,1
3918,3926,1,1
4257,4417,1,1
606,585,1,1
2857,3037,1,1
2541,2680,1,1
1184,1135,1,1
2378,5367,1,1
3744,3769,1,1
2175,2012,1,1
1891,1757,1,1
568,497,1,1
1934,1915,1,1
1390,1353,1,1
2532 530 2532 1364,2669,0,1
2332,5328,1,1
3028,3190,1,1
1394,1361,1,1
5374,4144,1,1
4790,5004,1,1
4133,4278,1,1
2480,2652,1,1
5302,2579,1,1
3983,3990,1,1
5526,1058,1,1
3453,3527,1,1
5013,5203,1,1
842,825,1,1
5304,2580,1,1
170,142,1,1
1909 3739,1783,0,1
330,351,1,1
3171,3353,1,1
3049,3232,1,1
1868,1739,1,1
703,691,1,1
2163,2020,1,1
4375,4551,1,1
227,192,1,1
3540,3606,1,1
5432,4208,1,1
5242,2504,1,1
155,136,1,1
3309,3393,1,1
1451,1417,1,1
2046,1932,1,1
3825,3826,1,1
976,924,1,1
2815,2987,1,1
4866,5086,1,1
4815,5018,1,1
4805,5167,1,1
3483,3546,1,1
4941,5158,1,1
2136,2013,1,1
1973,1868,1,1
4832,5035,1,1
5014,5206,1,1
3345,3429,1,1
4175,4332,1,1
5225,2488,1,1
553,508,1,1
1919,1820,1,1
152,131,1,1
2836,3014,1,1
2799,2977,1,1
4648,4844,1,1
4831,5033,1,1
2583,2724,1,1
4748,4961,1,1
2088,2328,1,1
1017,965,1,1
4649,4845,1,1
1901,1776,1,1
1950,1837,1,1
3768,3792,1,1
1683,1615,1,1
5048,5233,1,1
1815,2065,1,1
2658,2806,1,1
2842,3019,1,1
4833,5034,1,1
2770,2958,1,1
4657,4853,1,1
2210,5490,1,1
2209,5489,1,1
3304,3385,1,1
2771,2959,1,1
4554,4742,1,1
2205,5487,1,1
5330,4108,1,1
1445,2253,1,1
958,906,1,1
5443,4228,1,1
2474,2661,1,1
1085,2146,1,1
3637,3688,1,1
1380,1342,1,1
4006,4018,1,1
2539,2678,1,1
2744,2915,1,1
2699,2856,1,1
2965,3141,1,1
804,757,1,1
3636,3687,1,1
3009,3186,1,1
[3851],3857,0,1
1448,1414,1,1
4708,4921,1,1
253,221,1,1
3077,3257,1,1
3897,3904,1,1
770,772,1,1
85,34,1,1
1894,1768,1,1
3011,3188,1,1
4961,5180,1,1
316,280,1,1
1824,2074,1,1
872,530,1,2
302,261,1,1
1382,1345,1,1
1104,2165,1,1
2473,2657,1,1
2174,2031,1,1
4796,4986,1,1
4689,4898,1,1
5143,1373,1,2
2745,2916,1,1
5458,4188,1,1
5316,4094,1,1
1294,1257,1,1
4646,4842,1,1
185,157,1,1
1112,2175,1,1
2716,2870,1,1
5156,5437,1,1
666,655,1,1
1843,2091,1,1
1100,2160,1,1
2709,2749,1,1
2032,1922,1,1
2578,2719,1,1
1119,2183,1,1
5228,2494,1,2
5251,2524,1,1
5255,2492,1,1
4976,4758,1,1
3667,2402,1,1
3444,3518,1,1
2758,2937,1,1
2470,2656,1,1
725,2245,1,1
2754,2934,1,1
2052,1944,1,1
4861,5063,1,1
3890,3893,1,1
1732,1665,1,1
4426,4630,1,1
4176,4333,1,1
3887,3890,1,1
2908,3095,1,1
360,312,1,1
4912,5097,1,1
3170,3355,1,1
153,132,1,1
603,581,1,1
2024,1808,1,1
576,557,1,1
5129,5404,1,1
3633,3685,1,1
55,2212,1,1
627,606,1,1
870,538,1,1
5111,5393,1,1
4056,4073,1,1
4232,4392,1,1
677,659,1,1
1506,1458,1,1
1308,1233,1,1
144,134,1,1
4791,5005,1,1
951,897,1,1
5037,5218,1,1
891,23,1,1
2005,1902,1,1
1728,1658,1,1
3581,5472,1,1
346,299,1,1
2375,5364,1,1
4954,5139,1,1
4925,5133,1,1
4776,5127,1,1
4920,5122,1,1
4883,5084,1,1
4847,5059,1,1
4830,5032,1,1
4789,5003,1,1
4696,4912,1,1
4972,4908,1,1
4992,4885,1,1
4656,4851,1,1
4550,4741,1,1
4512,4691,1,1
4487,4675,1,1
4448,4645,1,1
5567,4584,1,1
4388,4567,1,1
4387,4565,1,1
4376,4553,1,1
4347,4527,1,1
4343,4522,1,1
4318,4494,1,1
4309,4475,1,1
4270,4450,1,1
4282,4444,1,1
4276,4438,1,1
4243,4404,1,1
4457,4363,1,1
4182,4340,1,1
4174,4330,1,1
4166,4320,1,1
4161,4314,1,1
4139,4289,1,1
4114,4267,1,1
4088,4242,1,1
5351,4215,1,1
5428,4204,1,1
5418,4194,1,1
4024,4081,1,1
4064,4059,1,1
3965,3973,1,1
3950,3952,1,1
3941,3946,1,1
3834,3836,1,1
3833,3835,1,1
5231,2498,1,1
305,263,1,1
3765,3789,1,1
4123,4282,1,1
3751,3771,1,1
3710,3754,1,1
3788,3734,1,1
3619,3669,1,1
3559,3632,1,1
3516,3582,1,1
3473,3516,1,1
3404,3473,1,1
3358,3460,1,1
3180,3442,1,1
3320,3407,1,1
3372,3363,1,1
3174,3357,1,1
3153,3328,1,1
3118,3287,1,1
3112,3286,1,1
3162,3269,1,1
3089,3256,1,1
3067,3246,1,1
3064,3240,1,1
2940,3127,1,1
2931,3113,1,1
2906,3092,1,1
2901,3087,1,1
2831,3010,1,1
2820,2996,1,1
2813,2992,1,1
2737,2913,1,1
2732,2909,1,1
2511,2882,1,1
2677,2831,1,1
2602,2745,1,1
2537,2675,1,1
5311,2575,1,1
5265,2535,1,1
5235,2501,1,1
5206,2475,1,1
5204,2466,1,1
3742,2446,1,1
2091,2330,1,1
1775,2302,1,1
2246,2278,1,1
2244,2276,1,1
1840,2085,1,1
2160,2053,1,1
2155,2042,1,1
2133,2009,1,1
2129,2005,1,1
2128,2004,1,1
2127,2003,1,1
2099,1976,1,1
2095,1973,1,1
2080,1953,1,1
2039,1936,1,1
2017,1859,1,1
1931,1816,1,1
1904,1779,1,1
1741,1671,1,1
1647,1575,1,1
1625,1569,1,1
1607,1549,1,1
1586,1522,1,1
1496,1445,1,1
4842,5042,1,1
1489,1449,1,1
2189,1407,1,1
1435,1360,1,1
1431,1355,1,1
1242,1265,1,1
226,193,1,1
5543,1073,1,1
5499,1026,1,1
5487,1012,1,1
1012,958,1,1
781,751,1,1
956,903,1,1
899,885,1,1
112,794,1,1
810,752,1,1
766,740,1,1
728,717,1,1
758,684,1,1
878,545,1,1
547,498,1,1
524,480,1,1
457,409,1,1
447,398,1,1
421,396,1,1
417,382,1,1
365,318,1,1
297,258,1,1
204,177,1,1
175,147,1,1
151,130,1,1
150,129,1,1
162,107,1,1
161,106,1,1
69,104,1,1
52,85,1,1
941,882,1,1
4742,4956,1,1
4717,4932,1,1
3361 1096,2158,0,1
5212,2479,1,1
2443-3363,2371,1,1
315,282,1,1
2146,2030,1,1
4080,4001,1,1
1590,1526,1,1
2325,5322,1,1
4687,4895,1,1
3456,3529,1,1
2727,2858,1,1
5413,4183,1,1
5422,4199,1,1
922,864,1,1
4301,4467,1,1
5354,4218,1,1
4292,4458,1,1
2755,2935,1,1
1466,1430,1,1
2816,2993,1,1
3664,2403,1,1
2970,3047,1,1
3178,3439,1,1
5408,4179,1,1
139,2218,1,1
1370,1272,1,1
5331,4109,1,1
3430,3498,1,1
5055,5238,1,1
3361-3364,3340,1,1
3756-3364,3780,1,1
1143,1094,1,1
2719,2871,1,2
355,311,1,1
1657,1600,1,1
387,344,1,1
609,588,1,1
3785,3726,1,1
4625,4819,1,1
5015,5211,1,1
2220,5511,1,1
5445,4231,1,1
2219,5510,1,1
3398,3467,1,1
3988,3995,1,1
1601,1543,1,1
3781,3725,1,1
5623,3728,1,1
1758,1676,1,1
1397,1365,1,1
1659,1602,1,1
3814,3817,1,1
1544,1483,1,1
2464,2650,1,1
2048,1929,1,1
5605,3651,1,1
994,942,1,1
4486,4667,1,1
5088,5372,1,1
4723,4936,1,1
2165,2022,1,1
5505,1032,1,1
2419,2608,1,1
688,667,1,1
4960,5179,1,1
3735,3758,1,1
4614,4806,1,1
28,2202,1,1
238,206,1,1
11,10,1,1
639,623,1,1
236,205,1,1
3445,3519,1,1
5040,5224,1,1
2206,5486,1,1
1576,1511,1,1
1846,2094,1,1
3108,3283,1,1
4226,4386,1,1
1609,1552,1,1
1763,1687,1,1
3376,3380,1,1
3906,3913,1,1
509,418,1,1
4434,4622,1,1
2818,2995,1,1
1488 (1510),1459,0,1
5,4,1,1
2896,3093,1,1
1821,2071,1,1
618,597,1,1
1402,1367,1,1
4287,4569,1,1
3623,3674,1,1
2012,1913,1,1
2338,5299,1,1
730,719,1,1
907,853,1,1
3807,3810,1,1
4788,5002,1,1
1299,1261,1,1
4369,4562,1,1
208,181,1,1
5144,5421,1,1
5071,5261,1,1
4300,4466,1,1
4483,1932,1,1
1928,1813,1,1
2964,3153,1,1
3676,2413,1,1
3586,5477,1,1
2910,3096,1,1
1944,1829,1,1
2671,2826,1,1
975,923,1,1
1696,1627,1,1
1757,1685,1,1
4283,4445,1,1
4275,4437,1,1
5118,5400,1,1
940,881,1,1
1052,2111,1,1
4957,5178,1,1
3848,3854,1,1
2647,2797,1,1
687,665,1,1
2450,2643,1,1
2452,2640,1,1
1483,1965,1,1
2786,2947,1,1
3716,3761,1,1
4879,5080,1,1
4942,5160,1,1
873,542,1,1
5288,2560,1,1
4906,5117,1,2
2385,2584,1,1
2607,2761,1,1
2491,2618,1,1
651,634,1,1
4074,4089,1,1
5121,5402,1,1
4323,4501,1,1
1265,1220,1,1
1502,1451,1,1
2615,2755,1,1
2684,2840,1,1
3922,3930,1,1
5569,4589,1,1
3920,3928,1,1
5103,5385,1,1
394,352,1,1
4838,5038,1,1
2414,2606,1,1
1180,1132,1,1
4199,4369,1,1
2252 (1510),1459,0,1
2791,2967,1,1
4947,5169,1,1
2824,3001,1,1
1178,1130,1,1
2477,2379,1,1
424,388,1,1
1154,1104,1,1
5290,2562,1,1
565,518,1,1
2112,2043,1,1
3967,3975,1,1
2207,5488,1,1
4915,5108,1,1
2454,2642,1,1
5236,2503,1,1
331,353,1,1
4280,4443,1,1
3344,3430,1,1
3346,3431,1,1
1807,2059,1,1
1053,2112,1,1
664,653,1,1
2676,2830,1,1
2172,1986,1,1
1414,1382,1,1
1893,1767,1,1
5339,4117,1,1
4258,4418,1,1
1208,1168,1,1
5154,5431,1,1
3996,4014,1,1
3340,3426,1,1
5587,4605,1,1
2636,2786,1,1
2713,2865,1,1
626,605,1,1
649,632,1,1
3835,3837,1,1
2599,2741,1,1
2276,2320,1,1
1550,1488,1,1
1159,1110,1,1
2236,2257,1,1
2343,5326,1,1
2655,2803,1,1
2093,2333,1,1
2274,2334,1,1
5228 3029,2515,0,1
4730,4943,1,1
5196,2463,1,1
1981,1875,1,1
5151,5428,1,1
2852,3028,1,1
4647,4843,1,1
1832,2083,1,1
731,720,1,1
3857,3863,1,1
3701,3745,1,1
4851,5046,1,1
1628,1539,1,1
5038,5222,1,1
5465,990,1,1
4553,4746,1,1
2376,5365,1,1
4084,4239,1,1
1153,1103,1,1
4172,4328,1,1
702,690,1,1
1481,1963,1,1
4624,4818,1,1
3308,3392,1,1
[1999],1887,0,1
3924,3932,1,1
1132,2196,1,1
5592,4613,1,1
3521,3587,1,1
1373,1325,1,1
3042,3215,1,1
70,105,1,1
2281,5268,1,1
2794,2969,1,1
2047,1927,1,1
3027,3199,1,1
4215,4376,1,1
3597,2387,1,1
1037,988,1,1
3574,3634,1,1
3034,3220,1,1
4463,4669,1,1
5062,5253,1,1
3999,4007,1,1
5234,2502,1,1
4127,4271,1,1
5438,4223,1,1
3912,3898,1,1
2475,2662,1,1
877,547,1,1
1194,1156,1,1
5429,4205,1,1
2234,2256,1,1
5287,2559,1,1
3397,3467,1,1
2579,2720,1,1
3361 1065,3356,0,1
2295,5281,1,1
1386,1349,1,1
5570,4590,1,1
1581,1516,1,1
1223 5101,1174,0,1
5420,4195,1,1
4,3,1,1
4322,4500,1,1
3762,3802,1,2
3800,3743,1,1
4813,5016,1,1
5312,2574,1,1
2399,2600,1,1
54,2213,1,1
3789,3731,1,1
3381,3389,1,1
3933,3961,1,1
718,2243,1,1
2092,2332,1,1
5238,2507,1,1
4050,4067,1,1
280,240,1,1
5239,2509,1,1
2185,1791,1,1
3307,3397,1,1
4793,5007,1,1
1469,1433,1,1
3354,3455,1,1
2478,2653,1,1
926,868,1,1
5346,4122,1,1
1629,1540,1,1
2506,2877,1,1
4055 (4053),4072,0,1
5218,2483,1,1
3876,3879,1,1
1556,1493,1,1
5313,2573,1,1
2507,2876,1,1
3053,3231,1,1
3794,3648,1,1
4559,4747,1,1
3696,2418,1,1
2292,5279,1,1
5011,5202,1,1
1932,1817,1,1
411,373,1,1
4148,4302,1,1
5524,1050,1,1
4129,4294,1,1
4703,4919,1,1
1081,2139,1,1
3993,4005,1,1
4650,4847,1,1
1395,1362,1,1
2431,2361,1,1
4255,4415,1,1
5340,4118,1,1
4279,4440,1,1
4294,4460,1,1
4281,4442,1,1
2617,2766,1,1
532,487,1,1
3110,3280,1,1
3903,3910,1,1
2042,1933,1,1
4070,4084,1,1
4288,4570,1,1
4053,4070,1,1
4706,4920,1,1
100,2201,1,1
3469,3506,1,1
4898,5105,1,1
5500,1027,1,1
830,827,1,1
4707,4920,1,1
4710,4923,1,1
4051,4068,1,1
2526,2897,1,1
2144,2029,1,1
4295,4461,1,1
4278,4439,1,1
1106,2167,1,1
4432,4620,1,1
4433,4621,1,1
373,323,1,1
1752,2300,1,1
1972,1867,1,1
24,60,1,1
4214,4374,1,1
278,235,1,1
3338,3424,1,1
3602,3655,1,1
312,279,1,1
2081,1956,1,1
5248,2520,1,1
2633,2782,1,1
5562,1051,1,1
3436,3505,1,1
3841,3842,1,1
2364,5353,1,1
1523,1470,1,1
169,156,1,1
4783,4999,1,1
1704,1635,1,1
955,901,1,1
4857,5048,1,1
3352,3449,1,1
2086,2329,1,1
4115,4269,1,1
489,456,1,1
4729,4942,1,1
2881,3066,1,1
104,52,1,1
2289,5275,1,1
2162,2019,1,1
1426,1394,1,1
710,701,1,1
181,153,1,1
4349,4529,1,1
997,946,1,1
1873,1744,1,1
4903,5114,1,1
2644,2794,1,1
2643,2793,1,1
3928,3936,1,1
744,671,1,1
4993,4874,1,1
1839,2086,1,1
5337,4115,1,1
968,905,1,1
1553,1491,1,1
1736,1666,1,1
2349,5335,1,1
2666,2820,1,1
1902,1777,1,1
1562,1500,1,1
4636,4828,1,1
4727,4941,1,1
1131,2195,1,1
3613,3663,1,1
4340,4519,1,1
3910,3920,1,1
1645,1581,1,1
3500,3568,1,1
2598,2740,1,1
1459,1423,1,1
1820,2070,1,1
5462,4190,1,1
2989,3164,1,1
826,814,1,1
5186,5458,1,1
2572,2712,1,1
5321,4099,1,1
1389,1351,1,1
2927,3116,1,1
550,502,1,1
3339,3425,1,1
2734,2912,1,1
343,295,1,1
2571,2711,1,1
4014,4028,1,1
2259,2301,1,1
4594,4781,1,1
4456,4362,1,1
816,787,1,1
3037,3223,1,1
1795,1728,1,1
2426,2359,1,1
4560,4748,1,1
4109,4270,1,1
3035,3221,1,1
3188,3365,1,1
1449,1415,1,1
4956,5177,1,1
4007,4019,1,1
5535,1064,1,1
756,683,1,1
2585,2725,1,1
1505,1457,1,1
657,640,1,1
5174,5433,1,1
2009,1910,1,1
4928,5128,1,1
2882,3067,1,1
5548,1075,1,1
1011,960,1,1
1644,1580,1,1
3385,3447,1,1
4311,4478,1,1
1330,1287,1,1
41,2207,1,1
4943,5161,1,1
5082,5242,1,1
610,589,1,1
2844,3021,1,1
949,895,1,1
3134,789,1,1
3134-,3308,1,1
2277 (1510),1459,0,1
5368,4141,1,1
4251,4410,1,1
207,180,1,1
883,13,1,1
5415,4185,1,1
4734,4945,1,1
5021,5215,1,1
536,488,1,1
407,368,1,1
2119,1995,1,1
3843,3844,1,1
625,602,1,1
1551,1489,1,1
4005,4013,1,1
3938,3942,1,1
3914,3859,1,1
2504,2713,1,3
667,613,1,1
3854,3869,1,1
277,234,1,1
3534,3600,1,1
2759,2941,1,1
5349,4213,1,1
4537,4728,1,1
4493,4692,1,1
823,809,1,1
5409,4180,1,1
5517,1041,1,1
5591,4611,1,1
792,768,1,1
4582,4773,1,1
2486,2597,1,1
4421,4616,1,1
2934,3121,1,1
4621,4817,1,1
2848,3026,1,1
4169,4323,1,1
1791,1724,1,1
56,86,1,1
1594,1529,1,1
3657,2400,1,1
2239,1969,1,1
839,822,1,1
4095,4249,1,1
3786,3730,1,1
2341,5318,1,1
3513,3562,1,1
2793,2968,1,1
3654,2395,1,1
5001,5193,1,1
1652,1589,1,1
3152,3326,1,1
5575,4596,1,1
2782,2962,1,1
1646,1574,1,1
2504,2718,1,3
1626,1571,1,1
5619,2449,1,1
2178,1785,1,1
4001,4009,1,1
1883,1753,1,1
1427,1337,1,1
2290,5277,1,1
4395,4484,1,1
1905,1781,1,1
4601,4797,1,1
1252,1208,1,1
1328,1289,1,1
1329,1288,1,1
303,262,1,1
4118,4274,1,1
2058,2310,1,1
1322,1274,1,1
4905,5113,1,1
4352,4532,1,1
4098,4252,1,1
350,302,1,1
1525,1473,1,1
3105,3279,1,1
1522,1469,1,1
2992,3171,1,1
5491,1017,1,1
2084,2326,1,1
5424,4198,1,1
3515,3581,1,1
3813,3815,1,1
3463,3535,1,1
4002,4010,1,1
4674,4868,1,1
1355,1314,1,1
880,540,1,1
2154,2041,1,1
4171,4326,1,1
82,28,1,1
2789,2974,1,1
832,818,1,1
5353,4217,1,1
1293,1256,1,1
2788,2973,1,1
836,821,1,1
895,663,1,1
3187,3360,1,1
3889,3892,1,1
135,119,1,1
2072,1954,1,1
3763,3788,1,1
3947,3956,1,1
807,735,1,1
4068,4082,1,1
5541,1071,1,1
5224,2488,1,1
5595,4609,1,1
2950,3138,1,1
214,183,1,1
2278,1402,1,1
5475,1000,1,1
3185 (3173),3360,0,1
2386,2585,1,1
484,451,1,1
2941,3128,1,1
4841,5039,1,1
4978,4759,1,1
4786,5000,1,1
2158,2034,1,1
2157,2036,1,1
809,734,1,1
4060,4076,1,1
820,806,1,1
3750,3770,1,1
3775,3799,1,1
4222,4384,1,1
1244,1198,1,1
1253,1209,1,1
1755,1682,1,1
1243,1199,1,1
520,476,1,1
2632,2781,1,1
732,721,1,1
371,361,1,1
4221,4380,1,1
1777,1701,1,1
3740,2439,1,1
364,317,1,1
1172,1125,1,1
2806,2978,1,1
1867,1737,1,1
1173,1126,1,1
2960,3149,1,1
4914,5118,1,1
5380,4149,1,1
4018,4033,1,1
2864,3043,1,1
2863,3042,1,1
177,149,1,1
2619,2768,1,1
3587,5478,1,1
2751,2929,1,1
[4851],5051,0,1
3348,3435,1,1
2443 5101,2373,0,1
3377,3387,1,1
[1494],2355,0,1
4453,4327,1,1
3111,3285,1,1
2380,5362,1,1
1494,1447,1,1
2379,5368,1,1
1545,1484,1,1
1439,1400,1,1
442,436,1,1
4819,5022,1,1
[5179],5462,0,1
3644,3699,1,1
1111,2177,1,1
1598,1534,1,1
4203,4360,1,1
1501,1453,1,1
3815,3820,1,1
1938,1907,1,1
2693,2850,1,1
4073,4087,1,1
190,162,1,1
4188,4345,1,1
1396,1363,1,1
5299,2555,1,1
4438,4635,1,1
84,29,1,1
5106,5389,1,1
1467,1432,1,1
4712,4926,1,1
1772,1697,1,1
2710,2748,1,1
77,26,1,1
210,164,1,1
1635,2273,1,1
3759,3782,1,1
1945,1831,1,1
1464,1428,1,1
722,714,1,1
3199,3370,1,1
4167,4321,1,1
1051,2110,1,1
4165,4319,1,1
290,250,1,1
5452,4238,1,1
4013,4027,1,1
3361 3756,3341,0,1
2907,3094,1,1
5180,5464,1,1
2621,2770,1,1
1493,1443,1,1
4348,4528,1,1
3435,3504,1,1
1547,1505,1,1
[1061],2120,0,1
5230,2497,1,1
563,519,1,1
[2145],2016,0,1
1911,1799,1,1
1029,976,1,1
22,58,1,1
275,233,1,1
3855,3870,1,1
59,95,1,1
4958,5141,1,1
3080,3261,1,1
3668,2406,1,1
558,513,1,1
5084,5249,1,1
1986,1883,1,1
5563,1054,1,1
4909,5120,1,1
863,531,1,1
2909,3095,1,1
4774,4992,1,1
4859,5050,1,1
1850,2100,1,1
3782,3723,1,1
265,2232,1,1
2853,3031,1,1
4204,4358,1,1
1825,2076,1,1
628,607,1,1
727,2246,1,1
3060,3238,1,1
3183,3446,1,1
3120,3294,1,1
3432,3500,1,1
94,42,1,1
2275,2335,1,1
2922,3106,1,1
982,929,1,1
3386,3448,1,1
370,360,1,1
1808,2060,1,1
106,842,1,1
4189,4346,1,1
1858,2303,1,1
3957,3963,1,1
4863,5065,1,1
4464,4670,1,1
3837,3839,1,2
4067,4064,1,1
4027,4043,1,1
3058,3236,1,1
790,766,1,1
1130,2194,1,1
1372,1324,1,1
2302,5289,1,1
1935,1903,1,1
2880,3065,1,1
4894,5101,1,1
5257,2514,1,1
1405,1374,1,1
3472,3515,1,1
2618,2767,1,1
2562,2700,1,1
5528,1059,1,1
5093,5377,1,1
694,695,1,1
5553,1084,1,1
753,680,1,1
1091,2148,1,1
4153,4308,1,1
1318,1276,1,1
2045,1935,1,1
585,567,1,1
3981,3998,1,1
36,73,1,1
2104,1994,1,1
2822,2999,1,1
3471,3514,1,1
4804,5165,1,1
1122,2186,1,1
4908,5119,1,1
1050,2109,1,1
2921,3105,1,1
5514,1039,1,1
4397,4485,1,1
2890,3078,1,1
2037,1924,1,1
5060,5250,1,1
4773,4990,1,2
4989,4881,1,1
2394,2592,1,1
3066,3244,1,1
5034,5191,1,1
4937,5155,1,1
864,532,1,1
172,144,1,1
5542,1072,1,1
1578,1513,1,1
3652,3700,1,1
3517,3583,1,1
2456,2645,1,1
5378,4147,1,1
2057,2309,1,1
3969,3977,1,1
2060,2312,1,1
5393,4162,1,1
799,779,1,1
4504,4705,1,1
5170,5450,1,1
5173,5453,1,1
4069,4083,1,1
3488,3552,1,1
2267,2317,1,1
711,702,1,1
559,514,1,1
4720,4925,1,1
3773,3797,1,1
291,259,1,1
1978,1873,1,1
2458,2647,1,1
408,369,1,1
3137,3310,1,2
1866,1738,1,1
5137,5407,1,1
4327,4505,1,1
4368,4561,1,1
2747,2926,1,1
5402,4171,1,1
4875,5076,1,1
544,506,1,1
4865,5067,1,1
4681,4889,1,1
3008,3185,1,1
1705,1643,1,1
1563,1501,1,1
2300,5287,1,1
1279,1242,1,1
1974,1869,1,1
2437,2615,1,1
2945,3132,1,1
2418,2356,1,1
1878,1749,1,1
[5112],5395,0,1
3324,3410,1,1
757,683,1,1
2421,2611,1,1
2268,1948,1,1
134,117,1,1
4355,4535,1,1
1078,2141,1,1
2384,2583,1,1
2448,2644,1,1
5329,4107,1,1
2196,5483,1,1
2283,5270,1,1
2074,1957,1,1
689,668,1,1
284,242,1,1
3476,3543,1,1
4533,4722,1,1
1003,944,1,1
4477,4652,1,1
5601,2621,1,1
4503,4706,1,1
4672,4864,1,1
3774,3798,1,1
4497,4697,1,1
7,7,1,1
[760],732,0,1
2498,2631,1,1
2496,2627,1,1
3604,3805,1,1
2488,2619,1,1
881,15,1,1
1478,2342,1,1
3128,3302,1,1
301,249,1,1
2502,2633,1,1
2423,2602,1,1
3350,3451,1,1
897,844,1,1
4528,4718,1,1
2216,5507,1,1
10,9,1,1
1662,1604,1,1
107,840,1,1
4524,4712,1,1
885,16,1,1
1664,1607,1,1
1648,1588,1,1
3157,3337,1,1
2501,2634,1,1
3423,3491,1,1
4250,4409,1,1
3856,3862,1,1
2977,3174,1,1
630,608,1,1
1760,1715,1,1
3677,3707,1,1
3137,3311,1,2
1694,1625,1,1
3177,3440,1,1
5258,2526,1,1
4367,4560,1,1
965,915,1,1
2264,2314,1,1
3097,3278,1,1
395,357,1,1
749,676,1,1
4441,4638,1,1
3760,3784,1,1
2232,2262,1,1
198,171,1,1
1833,2084,1,1
1875,1746,1,1
4970,4905,1,1
4374,4550,1,1
3030,3208,1,1
4666,4860,1,1
5537,1067,1,1
344,296,1,1
402,271,1,1
5561,1048,1,1
125,115,1,1
5054,5241,1,1
1332,1291,1,1
3725,2429,1,1
3816,3819,1,1
3029,3207,1,1
2373,5360,1,1
1702,1634,1,1
2408,2604,1,1
4471,4660,1,1
2805,2983,1,1
4478,4653,1,1
5053,5240,1,1
745,674,1,1
1056,2115,1,1
3478,3560,1,1
3480,3561,1,1
910,852,1,1
2117,2050,1,1
5147,5424,1,1
1742,1673,1,1
2359,5347,1,1
2574,2714,1,1
2223,5501,1,1
1193,1155,1,1
5160,5439,1,1
200,173,1,1
3192,3372,1,1
66,101,1,1
4066,4034,1,1
2446,2628,1,1
4523,4711,1,1
2191,1403,1,1
5263,2533,1,1
513,836,1,1
1186,1146,1,1
906,849,1,1
5266,2534,1,1
4425,4629,1,1
1245,1201,1,1
257,2226,1,1
596,643,1,1
892,24,1,1
762,733,1,1
1254,1202,1,1
5616,2443,1,1
4058,4074,1,1
321,287,1,1
3522,3588,1,1
5305,2581,1,1
4419,4618,1,1
2411,2350,1,1
1781,1710,1,1
2736,2906,1,1
5308,2570,1,1
5217,2482,1,1
2584,2726,1,1
3864,3915,1,1
2194,5479,1,1
3508,3580,1,1
4008,4021,1,1
4653,4849,1,1
393,350,1,1
4613,4805,1,1
406,367,1,1
293,254,1,1
231,2223,1,1
1350,1306,1,1
4260,4420,1,1
1564,1504,1,1
2199,5484,1,1
4143,4297,1,1
4864,5066,1,1
2323,5315,1,1
3554,3620,1,1
3119,3293,1,1
2560,2696,1,1
931,873,1,1
1139,1093,1,1
4583,4774,1,1
3885,3889,1,1
3793,3647,1,1
1179,1131,1,1
4239,4394,1,2
1655,1590,1,1
1518,1466,1,1
21,56,1,1
233,2224,1,1
2662,2809,1,1
2545,2914,1,1
3088,3248,1,1
3426,3493,1,1
3087,3247,1,1
2503,2636,1,1
2762,2950,1,1
5407,4177,1,1
4469,4658,1,1
4892,5099,1,1
1067,2130,1,1
2546,2684,1,1
1259,1214,1,1
2132,2008,1,1
476,444,1,1
5035,5192,1,1
3755,2456,1,1
2923,3107,1,1
2835,3013,1,1
3431,3499,1,1
647,630,1,1
3429,3497,1,1
1964,1853,1,1
3727,2433,1,1
3660,3705,1,1
5286,2558,1,1
3022,3206,1,1
3189,3366,1,1
3599,3652,1,1
4474,4664,1,1
4600,4791,1,1
4762,4977,1,1
5509,1035,1,1
2440,2368,1,1
29,74,1,1
3400,3469,1,1
1155,1108,1,1
1026,973,1,1
5057,5243,1,1
3770,3794,1,1
1654,1591,1,1
5273,2542,1,1
4505,4683,1,1
1137,2182,1,1
4113,4268,1,1
5009,5201,1,1
2808,2984,1,1
4180,4338,1,1
1482,1964,1,1
945,891,1,1
3666,2404,1,1
1967,1855,1,1
3783,3724,1,1
4659,4857,1,1
853,524,1,1
218,188,1,1
[2927],3112,0,1
4597,4788,1,1
1358,1318,1,1
573,555,1,1
5460,4189,1,1
4652,4848,1,1
3126,3300,1,1
1689,1621,1,1
4071,4085,1,1
5142,5419,1,1
4083,3983,1,1
2648,2799,1,1
2918,3103,1,1
68,103,1,1
3514,3590,1,1
4016,4031,1,1
2823,3000,1,1
294,255,1,1
3640,3693,1,1
713,707,1,1
2595,2731,1,1
1385,1348,1,1
2657,2805,1,1
1227,1181,1,1
5519,1043,1,1
2925,3111,1,1
1929,1815,1,1
4728,4944,1,1
4439,4636,1,1
4116,4268,1,1
2149,2033,1,1
5578,4600,1,1
4263,4424,1,2
3074,3254,1,1
4816,5019,1,1
173,145,1,1
4718,4928,1,1
5146,5423,1,1
4810,5013,1,1
5342,4123,1,1
672,562,1,1
1028,975,1,1
4154,4305,1,1
4363,4554,1,1
285,243,1,1
4350,4530,1,1
4431,4627,1,1
1605,1547,1,1
3015,3196,1,1
1614,1557,1,1
3014,3195,1,1
2409,2348,1,1
1543,2271,1,1
1171,1124,1,1
928,872,1,1
4721,4934,1,1
2390,2589,1,1
1424,1391,1,1
2240,2272,1,1
347,300,1,1
1857,2095,1,1
1030,982,1,1
3994,4015,1,1
4445,4641,1,1
4446,4642,1,1
3798,3741,1,1
2753,2931,1,1
5454,4174,1,1
3101,3330,1,1
1684,1616,1,1
4578,4771,1,1
2949,3137,1,1
1169,1122,1,1
2008,1909,1,1
1055,2114,1,1
4217,4377,1,1
1086,2152,1,1
5221,2486,1,1
3419,3488,1,1
34,71,1,1
1006,953,1,1
1142,1090,1,1
3729,2434,1,1
2911,3097,1,1
5222,2487,1,1
3327,3414,1,1
1276,1231,1,1
2825,3003,1,1
2293,5279,1,1
1761,1716,1,1
2123,1999,1,1
5058,5244,1,1
3156,3336,1,1
345,298,1,1
4873,5074,1,1
3567,3638,1,1
3566,3637,1,1
522,478,1,1
1915,1802,1,1
4470,4659,1,1
46,82,1,1
779,749,1,1
131,2216,1,1
3693,3736,1,1
2899,3085,1,1
834,819,1,1
2350,5339,1,1
2877,3061,1,1
2606,2758,1,1
5345,4121,1,1
5185,5457,1,1
2905,3091,1,1
1690,1622,1,1
1310,1232,1,1
2974,3056,1,1
2968,3044,1,1
4697,4913,1,1
4660,4854,1,1
4496,4694,1,1
2326,5320,1,1
4341,4520,1,1
5376,4146,1,1
918,866,1,1
2381,5336,1,1
256,220,1,1
2280,5267,1,1
[2581],2722,0,1
2455,2644,1,1
2469,2655,1,1
4541,4730,1,1
696,697,1,1
4082,4020,1,1
1621,1567,1,1
2868,3050,1,1
414,377,1,1
4670,4863,1,1
3146,3320,1,1
1881,1752,1,1
3617,3668,1,1
[954],900,0,1
3615,3666,1,1
1430,1354,1,1
4765,4979,1,1
787,763,1,1
427,392,1,1
705,704,1,1
1369,1271,1,1
3565,3636,1,1
5593,4614,1,1
1201,1162,1,1
4328,4507,1,1
308,267,1,1
5560,1046,1,1
2563,2701,1,1
2680,2838,1,1
1084,2145,1,1
971,921,1,1
973,920,1,1
58,93,1,1
4377,4552,1,1
3738,3748,1,1
2354,5343,1,1
2875,3060,1,1
5314,4093,1,1
3630,3683,1,1
5384,4152,1,2
5523,1049,1,1
966,917,1,1
5184,5468,1,1
4605,4794,1,1
3819,3821,1,1
4526,4715,1,1
4700,4915,1,1
86,2200,1,1
2601,2744,1,1
1205,1166,1,1
5412,4184,1,1
4239,4398,1,2
372,324,1,1
4702,4918,1,1
5089,5373,1,1
4719,4925,1,1
953,899,1,1
338,291,1,1
2613,2752,1,1
3584,5474,1,1
2723,2861,1,1
999,956,1,1
600,584,1,1
5199,2472,1,1
4824,5026,1,1
140,2220,1,1
2051,1945,1,1
2608,2762,1,1
3043,3216,1,1
5188,5459,1,1
2049,1930,1,1
1283,1245,1,1
3428,3496,1,1
2495,2625,1,1
2785,2965,1,1
3536,3602,1,1
938,879,1,1
3558,3628,1,1
4009,4022,1,1
504,470,1,1
3606,2454,1,1
4980,4762,1,1
4563,4750,1,1
2033,2306,1,1
4191,4347,1,1
123,113,1,1
3850,3856,1,1
4075,4088,1,1
1816,2066,1,1
2739,2920,1,1
3583,5473,1,1
638,621,1,1
1540,2268,1,1
2576,2716,1,1
4846,5058,1,1
1211,1114,1,1
[4687],1884,0,1
2215,5498,1,1
985,936,1,1
4159,4382,1,1
1610,1553,1,1
4885,5088,1,1
2327,5321,1,1
1197,1157,1,1
4615,4807,1,1
3001,3154,1,1
2681,2836,1,1
2798,2976,1,1
1470,1434,1,1
224,197,1,1
4568,4754,1,1
2044,1934,1,1
1285,1247,1,1
4930,5144,1,1
2575,2715,1,1
1584,1520,1,1
1713,1649,1,1
4186,4343,1,1
4097,4251,1,1
4522,4713,1,1
307,266,1,1
[30],75,0,1
3332,3418,1,1
3968,3976,1,1
5045,5230,1,1
5076,5266,1,1
2266,2316,1,1
1077,2140,1,1
4264,4425,1,1
4094,4248,1,1
607,586,1,1
4430,4626,1,1
3979,4090,1,1
2801,2980,1,1
2894,3055,1,1
4134,4284,1,1
4000,4008,1,1
5067,5257,1,1
5326,4103,1,1
2670,2824,1,1
1365,1331,1,1
2869,3052,1,1
1082,2144,1,1
1295,1250,1,1
3845,3851,1,1
2551,2689,1,1
4206,4367,1,1
[566],497,0,1
3155,3329,1,1
4576,4768,1,1
2840,3022,1,1
5451,4237,1,1
3595,2384,1,1
3594,2383,1,1
5419,4196,1,1
188,160,1,1
801,781,1,1
1531,1478,1,1
856,526,1,1
2829,3008,1,1
5577,4598,1,1
449,399,1,1
5478,1004,1,1
2952,3140,1,1
5589,4604,1,1
2948,3136,1,1
3523,3589,1,1
2485,2596,1,1
377,332,1,1
4711,4924,1,1
5070,5260,1,1
[3093],3273,0,1
1925,1811,1,1
1260,1216,1,1
2542,2681,1,1
2243,1605,1,1
920,862,1,1
2729,2905,1,1
2807,2985,1,1
1291,1254,1,1
2436,2366,1,1
533,489,1,1
465,420,1,1
1803,2337,1,1
399,330,1,1
4814,5017,1,1
4633,4823,1,1
1982,1878,1,1
3705,2425,1,1
1120,2184,1,1
4219,4379,1,1
[3640],3692,0,1
[1782],1714,0,1
101,50,1,1
4962,5181,1,1
1323,1280,1,1
4399,4487,1,1
2778,2940,1,1
44,80,1,1
4715,4931,1,1
3458,3533,1,2
3684,3716,1,1
3989,3999,1,1
3442,3513,1,1
1768,1693,1,1
1767,1692,1,1
3342,3433,1,1
3878,3881,1,1
4856,5047,1,1
4212,4372,1,1
2034,2307,1,1
1441,2250,1,1
4868,5069,1,1
5007,5199,1,1
1156,1106,1,1
1220,1145,1,1
4155,4309,1,1
930,871,1,1
4801,5183,1,1
4641,4835,1,1
2135,2011,1,1
2134,2010,1,1
5576,4597,1,1
3495,3564,1,1
1204,1165,1,1
2933,3120,1,1
1423,1390,1,1
5169,5449,1,1
4476,4672,1,1
102,51,1,1
3824,3827,1,1
1542,2270,1,1
4404,4451,1,1
3409,3478,1,1
1766,1659,1,1
1623,2275,1,1
1734,2299,1,1
2742,2922,1,1
2083,2324,1,1
2176,2015,1,1
1176,1129,1,1
23,59,1,1
2634,2784,1,1
2715,2874,1,1
3083,3264,1,1
2410,2605,1,1
4623,4811,1,1
3185,3360,1,1
5455,4176,1,1
3659,3704,1,1
967,916,1,1
1636,1576,1,1
3688,3719,1,1
4454,4336,1,1
4622,4810,1,1
1910,1798,1,1
5268,2569,1,1
4929,5143,1,1
1940,1830,1,1
4766,4978,1,1
5614,2440,1,1
5310,2572,1,1
4579,4769,1,1
2855,3033,1,1
2690,2849,1,1
2515,2885,1,1
4693,4897,1,1
2297,5282,1,1
2337,5295,1,1
136,121,1,1
963,912,1,1
835,820,1,1
4405,4453,1,1
1877,1748,1,1
4808,5011,1,1
5444,4229,1,1
3916,3860,1,1
3736,3768,1,1
3025,3191,1,1
4444,4643,1,1
1554,1497,1,1
589,570,1,1
3036,3222,1,1
593,575,1,1
2298,5283,1,1
4917,5150,1,1
3039,3212,1,1
1062,2121,1,1
5022,5216,1,1
1711,1647,1,1
4753,4968,1,1
5406,4178,1,1
1714,1650,1,1
1327,1293,1,1
4130,4292,1,1
3802,3808,1,1
2265,2315,1,1
3546,3611,1,1
1923,1824,1,1
1918,1819,1,1
3544,3609,1,1
5270,2539,1,1
1195,1158,1,1
1419,1386,1,1
5606,3706,1,1
1147,1098,1,1
2795,2970,1,1
5440,4225,1,1
4411,4574,1,1
4410,4573,1,1
4461,4650,1,1
2519,2886,1,1
4339,4514,1,1
586,568,1,1
2238,2261,1,1
432,391,1,1
2951,3139,1,1
1368,1334,1,1
2971,3051,1,1
3953,3951,1,1
1073,2135,1,1
724,2244,1,1
192,166,1,1
1787,1720,1,1
3945,3949,1,1
5028,5208,1,1
2867,3049,1,1
5611,2424,1,1
3747,3772,1,1
1632,1486,1,1
6,6,1,1
2197,5480,1,1
914,856,1,1
1996,1896,1,1
3733,3757,1,1
3556,3623,1,1
4420,4619,1,1
5594,4612,1,1
3625,3676,1,1
946,892,1,1
2050,1931,1,1
1158,1109,1,1
5437,4221,1,1
5494,1020,1,1
2856,3034,1,1
5580,4593,1,1
796,776,1,1
105,54,1,1
4654,4850,1,1
5338,4116,1,1
5064,5252,1,1
206,178,1,1
527,483,1,1
1631,1542,1,1
2330,5325,1,1
3575,3605,1,1
2627,2775,1,1
5176,5436,1,1
2787,2966,1,1
3458,3532,1,2
229,195,1,1
2525,2895,1,1
[3610],3662,0,1
5549,1079,1,1
1371,1273,1,1
2985,3163,1,1
1637,1577,1,1
30,75,1,1
3573,3642,1,1
4642,4836,1,1
1287,1249,1,1
5133,5412,1,1
5110,5392,1,1
888,20,1,1
2056,1942,1,1
2055,1941,1,1
1980,1876,1,1
2672,2827,1,1
2851,3029,1,1
833,817,1,1
2533,2671,1,1
4823,5025,1,1
2351,5340,1,1
211,182,1,1
3464,3538,1,1
2708,2747,1,1
1779,1709,1,1
2120,1996,1,1
1170,1123,1,1
1686,1618,1,1
5165,5445,1,1
288,251,1,1
5214,2480,1,1
3960,3966,1,1
220,189,1,1
5564,1052,1,1
1068,2155,1,1
4036,4051,1,1
4289,4571,1,1
2705,2816,1,1
645,628,1,1
851,521,1,1
5621,3777,1,1
3003,3180,1,1
2516,2892,1,1
3113,3289,1,1
2649,2798,1,1
1844,2093,1,1
1284,1246,1,1
1716,1652,1,1
3817,3818,1,1
1057,2116,1,1
4440,4637,1,1
2981,3160,1,1
[2653],2855,0,1
121,800,1,1
519,474,1,1
2878,3063,1,1
2763,2951,1,1
5027,5207,1,1
2505,2875,1,1
1486,1967,1,1
912,855,1,1
4057,4071,1,1
633,612,1,1
561,516,1,1
5417,4193,1,1
4686,4894,1,1
5511,1036,1,1
2847,3025,1,1
4120,4275,1,1
2956,3145,1,1
1115,2178,1,1
2898,3084,1,1
5521,1045,1,1
3396,3466,1,1
1266,1222,1,1
3899,3906,1,1
1682,1611,1,1
[2982],3189,0,1
4518,4707,1,1
4699,4916,1,1
3690,3803,1,1
3057,3226,1,1
3572,3641,1,1
4125,4295,1,1
2665,2812,1,1
4977,4760,1,1
1454,1413,1,1
1718,1637,1,1
2334,5306,1,1
3094,3274,1,1
2500,2635,1,1
707,698,1,1
5122,5403,1,1
3100,3331,1,1
1794,1727,1,1
4616,4808,1,1
2998,3175,1,1
4351,4531,1,1
1887,1763,1,1
3904,3911,1,1
805,758,1,1
2892,3081,1,1
3796,3739,1,1
2020,1862,1,1
2397,2598,1,1
5510,1033,1,1
528,484,1,1
1733,2298,1,1
2415,2607,1,1
2955,3144,1,1
2438,2367,1,1
2342,5319,1,1
[906],253,0,1
3411,3480,1,1
349,301,1,1
1436,1396,1,1
3479,3559,1,1
4682,4891,1,1
2284,5271,1,1
4802,5163,1,1
2004,1900,1,1
1416,1384,1,1
1773,1698,1,1
2614,2754,1,1
[237],204,0,1
2969,3046,1,1
2512,2881,1,1
5320,4098,1,1
3840,3846,1,1
648,631,1,1
2895,3082,1,1
3018,3202,1,1
1976,1870,1,1
8,8,1,1
15,66,1,1
2554,2694,1,1
4017,4032,1,1
4818,5021,1,1
4128,4293,1,1
2401,2601,1,1
4142,4296,1,1
1968,1863,1,1
3148,3321,1,1
993,941,1,1
1027,978,1,1
954,900,1,1
3373,3364,1,1
844,831,1,1
1407,1375,1,1
1956,1843,1,1
2978,3156,1,1
1072,2134,1,1
4403,4583,1,1
4344,4523,1,1
1326,1282,1,1
2731,2908,1,1
3418,3486,1,1
3976,3985,1,1
1288,1251,1,1
1150,1105,1,1
2629,2778,1,1
3726,2431,1,1
4314,4491,1,3
1367,1329,1,1
2439,2370,1,1
1334,1283,1,1
752,679,1,1
2383,2582,1,1
2365,5354,1,1
2079,1951,1,1
4918,5151,1,1
4511,4690,1,1
4077,3988,1,1
5141,5418,1,1
4870,5070,1,1
5008,5200,1,1
2891,3079,1,1
1611,1554,1,1
4547,4736,1,1
5522,1047,1,1
4933,5147,1,1
2121,1997,1,1
3175,3358,1,1
5506,1031,1,1
2255,2295,1,1
4688,4896,1,1
1250,1206,1,1
4849,5061,1,1
5515,1040,1,1
4237,4396,1,1
4004,4012,1,1
2622,2771,1,1
1643,1586,1,1
4358,4544,1,1
4012-5561,4034,1,1
4063,4036,1,1
2839,3017,1,1
4435,4633,1,1
4472,4662,1,1
909,851,1,1
3582,5475,1,1
5473,998,1,1
3946,3950,1,1
5243,2511,1,1
3181,3443,1,1
2990,3168,1,1
1674,2287,1,1
4949,5171,1,1
3424,3494,1,1
4429,4628,1,1
2188,1793,1,1
1272,1227,1,1
3723,3762,1,1
5249,2521,1,1
216,185,1,1
1148,1099,1,1
389,346,1,1
5081,5231,1,1
4744,4958,1,1
1102,2163,1,1
3021,3205,1,1
1630,1541,1,1
1819,2069,1,1
[600],584,0,1
1847,2098,1,1
1568,1562,1,1
4370,4563,1,2
875,544,1,1
5149,5432,1,1
4952,5175,1,1
2947,3134,1,1
3812,3816,1,1
1998,1898,1,1
1302,1174,1,1
1256,1211,1,1
1723,1654,1,1
4029,4044,1,1
3457,3530,1,1
4663,4841,1,1
358,310,1,1
4848,5060,1,1
[2127],2872,0,1
4768,4981,1,1
5536,1065,1,1
1422,1389,1,1
5168,5448,1,1
4365,4556,1,1
5090,5374,1,1
924,867,1,1
[5185],4497,0,1
577,558,1,1
[450],325,0,1
4462,4651,1,1
296,257,1,1
4746,4955,1,1
5276,2546,1,1
2775,2944,1,1
64,99,1,1
[2296],1564,0,1
1817,2067,1,1
942,888,1,1
3646,2391,1,1
3562,3630,1,1
4749,4963,1,1
3117,3288,1,1
1049,2126,1,1
3016,3197,1,1
4931,5145,1,1
5016,5209,1,1
4305,4471,1,1
590,571,1,1
2377,5366,1,1
3317,3404,1,1
219,190,1,1
1810,2058,1,1
3487,3551,1,1
4101,4255,1,1
5145,5422,1,1
3462,3537,1,1
1780,1708,1,1
2122,1998,1,1
2765,2953,1,1
2646,2796,1,1
[508],277,0,1
[4057],1536,0,1
3911,3896,1,1
[916] [2599],2742,0,1
4953,5176,1,1
806,759,1,1
4685,4890,1,1
[5621],3774,0,1
4775,5126,1,1
2328,5323,1,1
4028,4042,1,1
4475,4663,1,1
4259,4419,1,1
3662,2401,1,1
332,355,1,1
4955,5140,1,1
4714,4930,1,1
310,269,1,1
383,340,1,1
4779,4993,1,1
1737,1667,1,1
4209,4364,1,1
174,146,1,1
1806,2056,1,1
4669,4862,1,1
1924,1825,1,1
3758,3781,1,1
1606,1548,1,1
2760,2942,1,1
4539,4724,1,1
4872,5073,1,1
4315,4559,1,1
1010,961,1,1
1433,1358,1,1
1750,1679,1,1
4225,4386,1,1
1230,1191,1,1
759,713,1,1
617,596,1,1
[617],304,0,1
2286,5273,1,1
984,932,1,1
1895,1769,1,1
2021,1805,1,1
392,349,1,1
1335,1284,1,1
845,832,1,1
2517,2891,1,1
2903,3089,1,1
2321,5304,1,1
2183,1786,1,1
2,1,1,1
1665,1596,1,1
1726,1657,1,1
1345,1298,1,1
2530,2903,1,1
2407,2347,1,1
1485,1968,1,1
2405,2345,1,1
2975,3155,1,1
2370,5357,1,1
2368,5356,1,1
20,57,1,1
4608,4800,1,1
4246,4407,1,1
1043,2105,1,1
1269,1224,1,1
4032,4047,1,1
1896,1770,1,1
3681,3711,1,1
1298,1260,1,1
1498 (1510),1459,0,1
1094,2150,1,1
4773,4991,1,2
1399,1364,1,1
3714,3750,1,1
4640,4834,1,1
400,331,1,1
5050,5235,1,1
1914,1803,1,1
3106,3284,1,1
3167,3350,1,1
1023,967,1,1
4040,4055,1,1
3590,3657,1,1
4772,4989,1,1
1770,1695,1,1
4093,4247,1,1
4039,4054,1,1
1255,1210,1,1
3085,3266,1,1
2768,2956,1,1
4313,4488,1,1
2014,1856,1,1
323,275,1,1
828,816,1,1
583,578,1,1
582,577,1,1
2230,2263,1,1
2958,3147,1,1
1471,1435,1,1
4683,4892,1,1
5336,4114,1,1
63,98,1,1
4034,4049,1,1
4756,4970,1,1
4692,4901,1,1
4820,5023,1,1
3638,3689,1,1
3388,3454,1,1
2201,5509,1,1
5167,5447,1,1
3502,3624,1,1
4826,5028,1,1
2126,2002,1,1
1521,1468,1,1
1480,1962,1,1
43,79,1,1
483,450,1,1
4501,4702,1,1
451,401,1,1
4398,4486,1,1
5323,4101,1,1
768,742,1,1
3932,3960,1,1
3589,3656,1,1
437,431,1,1
4923,5130,1,1
327,363,1,1
1110,2172,1,1
612,591,1,1
3600,3653,1,1
1301,1263,1,1
4003,4011,1,1
2231,2264,1,1
5086,5371,1,1
5075,5265,1,1
2484,2666,1,1
5139,5408,1,1
3078,3259,1,1
9,5,1,1
452,402,1,1
5327,4105,1,1
1015,963,1,1
5138,5409,1,1
3006,3183,1,1
1286,1248,1,1
4811,5014,1,1
2623,2772,1,1
2242,1603,1,1
3158,3338,1,1
3017,3201,1,1
3197,3367,1,1
2388,2587,1,1
3161,3335,1,1
3486,3550,1,1
2069,1952,1,1
3477,3545,1,1
3092,3268,1,1
4584,4778,1,1
[2501],2632,0,1
[2455],2622,0,1
2490,2616,1,1
4488,4668,1,1
3518,3584,1,1
78,27,1,1
2973,3071,1,1
1678,1610,1,1
2262,1923,1,1
1663,1606,1,1
2497,2629,1,1
2494,2624,1,1
3190,3369,1,1
3104,3383,1,1
3160,3334,1,1
3481,3553,1,1
[689],44,0,1
[2496],710,0,1
2291,5278,1,1
3493,3544,1,1
4562,4787,1,1
4466,4656,1,1
5317,4095,1,1
1443,1401,1,1
4527,4716,1,1
2536,2674,1,1
742,716,1,1
4590,4776,1,1
2984,3162,1,1
3103,3333,1,1
1802,1699,1,1
2391,2590,1,1
3121,3296,1,1
1800,1705,1,1
4589,4789,1,1
4743,4957,1,1
1782,1711,1,1
1314,1238,1,1
397,358,1,1
164,109,1,1
309,268,1,1
2352,5341,1,1
4428,4632,1,1
4558,4745,1,1
[4606],,0,1
1666,1608,1,1
3497,3547,1,1
4948,5172,1,1
3790,3732,1,1
2630,2779,1,1
2718,2869,1,1
2285,5272,1,1
2279,1405,1,1
3041,3214,1,1
637,620,1,1
61,96,1,1
1988,1888,1,1
2656,2804,1,1
3353,3450,1,1
4023,4037,1,1
2609,2763,1,1
5298,2530,1,1
3886,3888,1,1
2766,2954,1,1
2524,2893,1,1
2826,3004,1,1
3861,3866,1,1
1403,1336,1,1
992,940,1,1
1207,1169,1,1
5597,4607,1,1
3698,2421,1,1
1273,1228,1,1
3977,3986,1,1
3882,3885,1,1
1776,1700,1,1
1070,2132,1,1
1908,1780,1,1
523,479,1,1
560,515,1,1
3629,3680,1,1
2859,3038,1,1
5240,2506,1,1
4085,4240,1,1
5166,5446,1,1
4393,4481,1,1
4626,4821,1,1
900,887,1,1
4132,4277,1,1
4366,4558,1,1
[4098],5056,0,1
4485,4666,1,1
1784,1717,1,1
1836,2340,1,1
3484,3548,1,1
1580,1515,1,1
3439,3510,1,1
4673,4880,1,1
339,297,1,1
5172,5452,1,1
934,875,1,1
2625,2774,1,1
1591,1527,1,1
5533,1068,1,1
1157,1107,1,1
5274,2543,1,1
1257,1212,1,1
1353,1309,1,1
2489,2617,1,1
5529,1060,1,1
4677,4887,1,1
4896,5103,1,1
1975,1865,1,1
2667,2821,1,1
5453,4230,1,1
2429,2613,1,1
4855,5053,1,1
5052,5239,1,1
4940,5159,1,1
4126,4279,1,1
879,550,1,1
4845,5057,1,1
2830,3009,1,1
2668,2822,1,1
495,461,1,1
4884,5085,1,1
12,11,1,1
588,565,1,1
4321,4499,1,1
598,647,1,1
4897,5104,1,1
660,649,1,1
1280,1241,1,1
2322,5314,1,1
2827,3005,1,1
1979,1874,1,1
1487 3385,1441,0,1
2828,3006,1,1
4895,5103,1,1
1823,2073,1,1
1841,2089,1,1
1235,1197,1,1
1316,1185,1,1
4876,5077,1,1
876,546,1,1
3425,3495,1,1
4317,4493,1,1
3168,3351,1,1
3871,3874,1,1
143,133,1,1
354,307,1,1
258,218,1,1
2682,2837,1,1
1229,1190,1,1
723,715,1,1
2111,2044,1,1
322,274,1,1
1440,2249,1,1
704,712,1,1
905,848,1,1
1879,1750,1,1
1487 1161 3361-1065,1439,0,1
631,610,1,1
3961,3967,1,1
4651,4846,1,1
4045,4061,1,1
4795,5009,1,1
492,459,1,1
3019,3203,1,1
3593,2385,1,1
1913,1801,1,1
3830,3832,1,1
4325,4504,1,1
1880,1751,1,1
5264,2531,1,1
3136,3314,1,1
3592,5386,1,1
3869,3875,1,1
4049,4066,1,1
4878,5079,1,1
[5182],5338,0,1
5531,1061,1,1
2845,3023,1,1
335,288,1,1
5609,3721,1,1
1270,1225,1,1
2528,2899,1,1
3528,3594,1,1
4661,4855,1,1
1239,1188,1,1
3149,3323,1,1
1865,1761,1,1
2926,3114,1,1
709,699,1,1
712,703,1,1
1751,1680,1,1
4076,3987,1,1
[3935],3897,0,1
4379,4557,1,1
1567,1572,1,1
2547,2686,1,1
653,636,1,1
1748,1678,1,1
2340,5317,1,1
3461,3536,1,1
4780,4994,1,1
1685,1617,1,1
3312,3396,1,1
2164,2021,1,1
3349,3436,1,1
4168,4322,1,1
3822,3823,1,1
413,375,1,1
4620,4816,1,1
381,337,1,1
1267,1221,1,1
3655,3702,1,1
2694,2852,1,1
525,481,1,1
4611,4802,1,1
289,252,1,1
[2874],3059,0,1
4794,5008,1,1
352,305,1,1
3838,3841,1,1
461,414,1,1
2779,2948,1,1
4197,4354,1,1
608,587,1,1
1005,952,1,1
2392,2591,1,1
658,641,1,1
1735,1661,1,1
3555,3622,1,1
5203,2468,1,1
5421,4197,1,1
385,342,1,1
470,425,1,1
4320,4498,1,1
511,417,1,1
1069,2131,1,1
479,445,1,1
468,423,1,1
376,328,1,1
5585,4587,1,1
1160,1111,1,1
535,491,1,1
1615,1558,1,1
4218,4379,1,2
4242,4403,1,1
2874,3059,1,1
1234,1196,1,1
1406,1371,1,1
1960,1848,1,1
5384,4137,1,2
3776,3800,1,1
811,753,1,1
4177,4331,1,1
2769,2957,1,1
3407,3476,1,1
1146,1097,1,1
3448,3522,1,1
4618,4813,1,1
326,362,1,1
4858,5049,1,1
5525,1055,1,1
2719,2813,1,2
1225,1179,1,1
3621,3672,1,1
1871,1742,1,1
943,889,1,1
2884,3069,1,1
5430,4206,1,1
228,194,1,1
3610,3664,1,1
1592,1528,1,1
1040,986,1,1
2976,3179,1,1
1669,2281,1,1
[621],1839,0,1
1668,2282,1,1
911,854,1,1
2711,2825,1,1
5490,1016,1,1
1224,1178,1,1
418,383,1,1
3081,3262,1,1
4807,5010,1,1
4540,4729,1,1
4207,4368,1,1
241,210,1,1
3907,3914,1,1
797,777,1,1
3091,3242,1,1
2303,5292,1,1
2225,5503,1,1
4738,4953,1,1
2433,2363,1,1
3007,3184,1,1
[5168],5417,0,1
[4476],902,0,1
4179,4335,1,1
2195,5481,1,1
754,681,1,1
4390,4433,1,1
4809,5012,1,1
5073,5263,1,1
398,329,1,1
3414,3482,1,1
4231,4391,1,1
1281,1243,1,1
4333,4516,1,1
[2095],1993,0,1
4676,4886,1,1
840,823,1,1
2695,2843,1,1
4455,4353,1,1
1977,1871,1,1
5291,2563,1,1
2600,2743,1,1
5482,1008,1,1
4033,4048,1,1
1582,1518,1,1
2642,2792,1,1
818,804,1,1
5135,5414,1,1
2481,2658,1,1
1455,1424,1,1
5271,2540,1,1
5411,4182,1,1
815,786,1,1
2465,2651,1,1
3998,4006,1,1
334,354,1,1
4422,4623,1,1
3061,3239,1,1
5400,4169,1,1
4304,4470,1,1
471,428,1,1
2944,3131,1,1
4760,4973,1,1
1633,1487,1,1
798,778,1,1
640,624,1,1
4535,4725,1,1
674,622,1,1
4329,4508,1,1
4261,4421,1,1
2897,3083,1,1
[1904],1773,0,1
3719,3765,1,1
706,705,1,1
4755,4966,1,1
4934,5149,1,1
817,788,1,1
3724,2430,1,1
5379,4148,1,1
2110,1992,1,1
1303,1264,1,1
1809,2061,1,1
1587,1523,1,1
1000,948,1,1
1765,1688,1,1
2361,5349,1,1
2402,2343,1,1
1617,1560,1,1
74,91,1,1
681,2240,1,1
1024,968,1,1
1339,1296,1,1
1340,1295,1,1
4090,4244,1,1
158,141,1,1
2001,1872,1,1
375,327,1,1
2159,2052,1,1
2066,1958,1,1
2986,3165,1,1
4391,4582,1,1
3826,3829,1,1
2019,1861,1,1
1948,1835,1,1
5200,2473,1,1
1673,2286,1,1
4513,4698,1,1
1444,2252,1,1
4836,5036,1,1
2335,5307,1,1
4784,4998,1,1
2991,3178,1,1
2628,2777,1,1
3722,3766,1,1
[901],883,0,1
1719,1638,1,1
3026,3198,1,1
3879,3882,1,1
3608,3776,1,1
1695,1626,1,1
3656,2399,1,1
474,441,1,1
2810,2989,1,1
3939,3944,1,1
3084,3265,1,1
3720,3764,1,1
1021,969,1,1
4364,4555,1,1
4208,4367,1,1
3849,3855,1,1
2073,2319,1,1
855,525,1,1
4867,5087,1,1
1834,2077,1,1
2800,2979,1,1
5584,4586,1,1
1034,979,1,1
1759,1713,1,1
3702,3747,1,1
4637,4825,1,1
2116,2049,1,1
286,244,1,1
1181,1133,1,1
3323,3409,1,1
2059,2311,1,1
3482,3554,1,1
2580,2721,1,1
5201,2467,1,1
3355,3456,1,1
501,468,1,1
755,682,1,1
1640,1582,1,2
2773,2961,1,1
5416,4192,1,1
4979,4761,1,1
2772,2960,1,1
1712,1648,1,1
3530,3596,1,1
1088,2153,1,1
2453,2638,1,2
137,120,1,1
4530,4719,1,1
1642,1585,1,1
2544,2683,1,1
4965,4984,1,1
4542,4731,1,1
4798,4987,1,1
502,467,1,1
901,886,1,1
2353,5342,1,1
242,2225,1,1
4353,4533,1,1
5072,5262,1,1
3674,2416,1,1
937,878,1,1
2866,3048,1,1
5504,1406,1,1
1442,2251,1,1
4262,4422,1,1
2861,3040,1,1
1951,1838,1,1
1447,2255,1,1
964,914,1,1
4745,4959,1,1
2796,2971,1,1
3068,3245,1,1
[1221],1150,0,1
3553,3618,1,1
1593,1530,1,1
5085,5370,1,1
3808,3811,1,1
2916,3109,1,1
3795,3738,1,1
977,925,1,1
3131,3304,1,1
1670,2283,1,2
4634,4826,1,1
3322,3405,1,1
4220,4381,1,1
5520,1044,1,1
3799,3742,1,1
1290,1253,1,1
4482,4676,1,1
[1944],1758,0,1
1888,1764,1,1
[1125],2765,0,1
361,314,1,1
[2955],2783,0,1
701,689,1,1
443,437,1,1
1079,2142,1,1
5476,1002,1,1
4081,4002,1,1
4427,4631,1,1
2025,1809,1,1
4319,4496,1,1
656,639,1,1
2318,5310,1,1
237,203,1,1
3942,3947,1,1
1456,1419,1,1
1852,2102,1,1
2838,3016,1,1
1324,1281,1,1
4827,5030,1,1
1145,1096,1,1
3605,3806,1,1
5066,5256,1,1
2750,2928,1,1
4019,4035,1,1
4514,4699,1,1
2187,1794,1,1
48,2210,1,1
3046,3225,1,1
1101,2161,1,1
902,845,1,1
5404,4173,1,1
3678,3708,1,1
4591,4777,1,1
3012,3192,1,1
1241,1270,1,1
3537,3603,1,1
2294,5280,1,1
5262,2532,1,1
4418,4617,1,1
3506,3591,1,1
5596,4608,1,1
3438,3509,1,1
3875,3878,1,1
3737,3759,1,1
2814,2986,1,1
2508,2878,1,1
2999,3176,1,1
2748,2925,1,1
5493,1018,1,1
5322,4100,1,1
3124,3295,1,1
2336,5294,1,1
3995,4016,1,1
439,433,1,1
3392,3461,1,1
4210,4365,1,1
3038,3224,1,1
1042,2104,1,1
5102,5384,1,1
4515,4700,1,1
1676,2289,1,1
729,718,1,1
5307,2525,1,1
2832,3007,1,1
5301,2577,1,1
4628,4822,1,1
1574,1509,1,1
3395,3465,1,1
250,216,1,1
3764,3787,1,1
2780,2949,1,1
1720,1639,1,1
2247,2290,1,1
232,2222,1,1
4371,4547,1,1
1903,1778,1,1
4951,5170,1,1
721,712,1,1
2224,5502,1,1
1095,2151,1,1
3700,3744,1,2
5039,5223,1,1
4871,5071,1,1
4037,4052,1,1
2067,1959,1,1
1638,1578,1,1
5253,2519,1,1
2650,2800,1,1
3661,2415,1,1
2674,2829,1,1
4248,4401,1,1
2997,3157,1,1
1258,1213,1,1
184,18,1,1
5123,5404,1,1
1886,1762,1,1
923,865,1,1
3159,3339,1,1
2589,2730,1,1
4785,4997,1,1
869,537,1,1
4157,4311,1,1
972,919,1,1
669,616,1,1
4797,5090,1,1
3934,3962,1,1
3370,3348,1,1
1639,1579,1,1
3318,3406,1,1
2587,2728,1,1
4195,4351,1,1
5435,4211,1,1
3828,3828,1,1
3033,3211,1,1
2957,3146,1,1
1927,1812,1,1
2912,3098,1,1
690,669,1,1
2251,2293,1,1
[5512],1184,0,1
1098,2159,1,1
3325,3411,1,1
1801,1706,1,1
2493,2623,1,1
3706,2427,1,1
1798,1731,1,1
1797,1730,1,1
822,808,1,1
2586,2727,1,1
2016,1858,1,1
4268,4448,1,1
1560,1499,1,1
4362,4545,1,1
1312,1237,1,1
2167,2024,1,1
3966,3974,1,1
2660,2807,1,1
5153,5429,1,1
5223,2489,1,1
858,528,1,1
1524,1472,1,1
4732,4950,1,1
939,880,1,1
4974,4909,1,1
1814,2064,1,1
4936,5095,1,2
747,673,1,1
3647,2392,1,1
4293,4459,1,1
403,336,1,1
4400,4427,1,1
605,583,1,1
1842,2090,1,1
4545,4734,1,1
1278,1240,1,1
748,675,1,1
[3618],3671,0,1
62,97,1,1
1268,1223,1,1
546,499,1,1
2527,2898,1,1
5350,4214,1,1
4324,4502,1,1
2849,3030,1,1
5433,4209,1,1
1729,1662,1,1
2935,3122,1,1
2953,3142,1,1
367,320,1,1
4551,4739,1,1
3557,3621,1,1
1634,1551,1,1
1292,1255,1,1
[2826],3002,0,1
4038,4080,1,1
3791,3645,1,1
1219,1144,1,1
1087,2154,1,1
5441,4227,1,1
970,918,1,1
1863,1735,1,1
3980,3996,1,1
1315,1183,1,1
1282,1244,1,1
1059,2118,1,1
2333,5330,1,1
[4347],4525,0,1
1262,1217,1,1
2314,5303,1,1
1675,2288,1,1
3865,3918,1,1
2522,2889,1,1
4736,4947,1,2
4402,4429,1,1
3527,3593,1,1
5096,5379,1,1
3937,3941,1,1
3532,3598,1,1
491,458,1,1
221,198,1,1
5260,2529,1,1
4787,5001,1,1
5571,4591,1,1
5488,1014,1,1
5466,992,1,1
3351,3452,1,1
2697,2833,1,1
2559,2691,1,1
5328,4106,1,1
5477,1003,1,1
5527,1057,1,1
[4621],4814,0,1
319,285,1,1
3333,3419,1,1
4966,4985,1,1
5608,3713,1,1
1697,1628,1,1
2686,2842,1,1
1570,1566,1,1
791,767,1,1
1620,1565,1,1
124,114,1,1
5063,5254,1,1
292,260,1,1
2669,2823,1,1
[4900],5072,0,1
1348,1304,1,1
3099,3272,1,1
1790,1723,1,1
2561,2697,1,1
4726,4940,1,1
2063,1947,1,1
3051,3229,1,1
3447,3521,1,1
4968,4903,1,1
3434,3502,1,1
[4481],4657,0,1
1900,1775,1,1
2424,2610,1,2
1237,1186,1,1
4638,4824,1,1
2663,2811,1,1
4644,4838,1,1
564,520,1,1
496,462,1,1
1660,1599,1,1
1296,1258,1,1
1031,981,1,1
3494,3563,1,1
4569,4755,1,1
4736,4945,1,2
336,290,1,1
1289,1252,1,1
4792,5006,1,1
3075,3255,1,1
3096,3276,1,1
[1839],2086,0,1
3095,3275,1,1
1725,1656,1,1
1963,1851,1,1
3314,3400,1,1
1048,2124,1,1
128,138,1,1
2582,2723,1,1
1047,2125,1,1
716,2241,1,1
4370,4509,1,2
4042,4053,1,1
4967,4902,1,1
108,841,1,1
1709,1645,1,1
4015,4030,1,1
4549,4738,1,1
4922,5129,1,1
1769,1694,1,1
5496,1022,1,1
5018,5212,1,1
634,617,1,1
3013,3194,1,1
1917,1804,1,1
5019,5213,1,1
3069,3249,1,1
132,116,1,1
4565,4749,1,1
2445,2626,1,1
3102,3332,1,1
5000,5185,1,1
1393,1359,1,1
3635,3686,1,1
1038,984,1,1
2883,3068,1,1
2483,2665,1,1
3422,3490,1,1
3343,3428,1,1
3579,5470,1,1
2152,2039,1,1
3596,2386,1,1
4361,4546,1,1
3607,3775,1,1
5074,5264,1,1
2062,2318,1,1
3365,3343,1,1
1331,1290,1,1
[1760],1286,0,1
1528,1474,1,1
4926,5134,1,1
111,791,1,1
246,211,1,1
369,322,1,1
4381,4542,1,1
2109,1991,1,1
2616,2757,1,1
1717,1636,1,1
4844,5055,1,1
4401,4428,1,1
5403,4172,1,1
2954,3143,1,1
[4413],4576,0,1
5546,1077,1,1
13,55,1,1
2804,2982,1,1
2141,2026,1,1
5069,5258,1,1
1619,1561,1,1
3612,3660,1,1
4603,4792,1,1
4498,4679,1,1
1532,1471,1,1
2678,2834,1,1
5017,5210,1,1
1304,1266,1,1
2371,5359,1,1
5183,5467,1,1
4606,4796,1,1
986,937,1,1
2846,3024,1,1
5002,5194,1,1
1215,1140,1,1
1218,1143,1,1
4662,4840,1,1
3526,3592,1,1
3127,3301,1,1
4939,5157,1,1
1599,1535,1,1
4581,4775,1,1
636,619,1,1
4529,4717,1,1
3520,3586,1,1
3974,3847,1,1
919,861,1,1
446,439,1,1
4588,4786,1,1
1681,1614,1,1
4468,4655,1,1
887,19,1,1
5497,1023,1,1
4011,4024,1,1
4099,4253,1,1
3940,3945,1,1
[5159],5441,0,1
[2624],2773,0,1
2797,2930,1,1
4296,4462,1,1
1408,1376,1,1
5282,2552,1,1
1603,1545,1,1
5256,2513,1,1
2707,2818,1,1
1826,2078,1,1
4354,4534,1,1
4975,4757,1,1
3951,3954,1,1
1892,1766,1,1
3730,2435,1,1
2703,2815,1,1
3071,3251,1,1
1191,1153,1,1
3717,3760,1,1
3072,3252,1,1
2203,1328,1,1
4725,4939,1,1
[1530],1533,0,1
3663,2405,1,1
3944,3943,1,1
2593,2733,1,1
5205,2470,1,1
3771,3796,1,1
14,70,1,2
267,227,1,1
2543,2682,1,1
3433,3501,1,1
2664,2810,1,1
1991,1891,1,1
825,811,1,1
2213,5494,1,1
1555,1492,1,1
1995,1895,1,1
456,408,1,1
2645,2795,1,1
3926,3934,1,1
1989,1889,1,1
234,201,1,1
4156,4310,1,1
4609,4801,1,1
384,341,1,1
[318],1747,0,1
4517,4703,1,1
3948,3957,1,1
673,563,1,1
1602,1544,1,1
1054,2113,1,1
3465,3540,1,1
978,930,1,1
2113,2045,1,1
4543,4733,1,1
1966,1771,1,1
2862,3036,1,1
3070,3250,1,1
4211,4366,1,1
2363,5351,1,1
1613,1556,1,1
4911,5109,1,1
4048,4065,1,1
1200,1160,1,1
2082,1955,1,1
1874,1745,1,1
1853,2103,1,1
1530,1476,1,1
[3624/3609],3665,0,1
3832,3834,1,1
4465,4671,1,1
178,150,1,1
295,256,1,1
624,601,1,1
4345,4524,1,1
60,94,1,1
3792,3646,1,1
4173,4329,1,1
960,909,1,1
[2525],2894,0,1
5033,5190,1,1
2712,2864,1,1
3909,3919,1,1
1946,1833,1,1
4770,4962,1,1
5386,4154,1,1
4691,4900,1,1
2604,2759,1,1
117,793,1,1
333,356,1,1
1041,950,1,1
57,87,1,1
4326,4506,1,1
4163,4317,1,1
5480,1006,1,1
5078,5220,1,1
2304,5291,1,1
5237,2505,1,1
5512,1037,1,1
1354,1313,1,1
698,686,1,1
1152,1102,1,1
4193,4349,1,1
4373,4549,1,1
2482,2664,1,1
4252,4411,1,1
3673,2414,1,1
4635,4827,1,1
498,464,1,1
4927,5135,1,1
1058,2117,1,1
2721,2868,1,1
374,326,1,1
92,39,1,1
4467,4654,1,1
556,511,1,1
4988,4882,1,1
2171,1985,1,1
1962,1850,1,1
3052,3230,1,1
2204,5492,1,1
4389,4581,1,1
1246,1200,1,1
510,416,1,1
4645,4839,1,1
4981,4763,1,1
5181,5465,1,1
5559,1082,1,1
4612,4804,1,1
1845,2092,1,1
4630,4830,1,1
2177,1784,1,1
4860,5062,1,1
1216,1141,1,1
695,696,1,1
735,724,1,1
5079,5221,1,1
2142,2027,1,1
557,512,1,1
2299,5286,1,1
2180,1788,1,1
4799,4988,1,1
775,745,1,1
2687,2845,1,1
3511,3569,1,1
1356,1315,1,1
368,321,1,1
2417,2353,1,1
1458,1422,1,1
4963,5182,1,1
1671,2284,1,1
1190,1152,1,1
4580,4772,1,1
961,910,1,1
4450,5512,1,2
4902,5112,1,1
3905,3912,1,1
2161,2054,1,1
2702,2814,1,1
5152,5430,1,1
4843,5043,1,1
827,815,1,1
3357,3458,1,1
789,765,1,1
3978,4091,1,1
3412,3481,1,1
3846,3852,1,1
5508,1034,1,1
481,448,1,1
3896,3903,1,1
5551,1081,1,1
3399,3468,1,1
867,536,1,1
5148,5426,1,1
2972,3070,1,1
4499,4680,1,1
3959,3965,1,1
1566,1503,1,1
670,615,1,1
1117,2180,1,1
429,393,1,1
847,833,1,1
1822,2072,1,1
[782],492,0,1
4144,4298,1,1
1274,1229,1,1
4424,4625,1,1
1786,1719,1,1
4919,5152,1,1
[643],1877,0,1
3416,3484,1,1
780,750,1,1
1604,1546,1,1
49,2209,1,1
3837,3838,1,2
4308,4474,1,1
5161,5440,1,1
1670,2280,1,2
4890,5096,1,1
5334,4112,1,1
2701,2756,1,1
3925,3933,1,1
304,265,1,1
4607,4799,1,1
767,741,1,1
4602,4798,1,1
1446,2254,1,1
195,169,1,1
3971,3979,1,1
5097,5380,1,1
1475,1410,1,1
5439,4224,1,1
2520,2887,1,1
426,390,1,1
4385,4564,1,1
3147,3322,1,1
2774,2943,1,1
5109,5387,1,1
3891,3894,1,1
1264,1218,1,1
4945,5136,1,1
1231,1191,1,2
1747,1677,1,1
1583,1519,1,1
2460,2374,1,1
1187,1171,1,1
5344,4119,1,1
3079,3260,1,1
1462,1426,1,1
2725,2863,1,1
494,460,1,1
325,276,1,1
1885,1759,1,1
1251,1207,1,1
4489,4677,1,1
5061,5251,1,1
[2735],1316,0,1
4307,4473,1,1
3839,3840,1,1
4935,5153,1,1
4414,4577,1,1
3956 5130,3843,0,1
[4934],5111,0,1
5335,4113,1,1
[2115],2048,0,1
[2896],1517,0,1
306,264,1,1
1231,1192,1,2
1409,1377,1,1
1333,1292,1,1
1240,1189,1,1
4201,4357,1,1
5347,4124,1,1
2698,2853,1,1
4782,4996,1,1
157,140,1,1
2566,2704,1,1
67,102,1,1
959,908,1,1
[1349],2753,0,1
311,270,1,1
1175,1128,1,1
4575,4766,1,1
1233,1194,1,1
5325,4102,1,1
201,174,1,1
1851,2088,1,1
4840,5137,1,1
1793,1726,1,1
351,303,1,1
249,217,1,1
1109,2171,1,1
3116,3292,1,1
981,928,1,1
4267,4447,1,1
196,170,1,1
1429,1338,1,1
1616,1559,1,1
5586,4588,1,1
1693,1624,1,1
2011,1912,1,1
2987,3167,1,1
2979,3158,1,1
1947,1834,1,1
3805,3970,1,1
3130,3303,1,1
4062,4079,1,1
1202,1163,1,1
2457,2646,1,1
98,48,1,1
5364,4133,1,1
1958,1846,1,1
5284,2556,1,1
1277,1239,1,1
3460,3539,1,1
3073,3253,1,1
222,199,1,1
1688,1620,1,1
1020,971,1,1
2834,3012,1,1
4330,4510,1,1
2914,3100,1,1
4534,4723,1,1
2570 3040,2706,0,1
2000,1885,1,1
3867,3871,1,1
2942,3129,1,1
3490,3556,1,1
3915,3858,1,1
5405,4173,1,1
3040,3213,1,1
788,764,1,1
5285,2557,1,1
5189,5460,1,1
[2148],2032,0,1
503,469,1,1
3519,3585,1,1
5295,2537,1,1
[2802],2918,0,1
4031,4046,1,1
4627,4820,1,1
996,945,1,1
5269,2568,1,1
4950,5173,1,1
4971,4906,1,1
5492,1019,1,1
1546,1485,1,1
849,829,1,1
4631,4831,1,1
776,746,1,1
2114,2046,1,1
580,561,1,1
5065,5255,1,1
99,49,1,1
3492,3558,1,1
1001,949,1,1
3712,3755,1,1
45,81,1,1
4408,4489,1,1
777,747,1,1
1300,1262,1,1
[3367],3345,0,1
4314,4492,1,3
2115,2047,1,1
2893,3080,1,1
1856,2097,1,1
2202,5497,1,1
4079,3984,1,1
736,725,1,1
1337,1333,1,1
2027,1832,1,1
3491,3557,1,1
2043,1926,1,1
761,731,1,1
1579,1514,1,1
1309,1234,1,1
1013,959,1,1
2860,3039,1,1
641,626,1,1
4548,4737,1,1
3194,3373,1,1
5363,4132,1,1
4443,4640,1,1
5434,4210,1,1
2329,5324,1,1
2510,2880,1,1
4092,4246,1,1
[3327],3415,0,1
4196,4352,1,1
324,273,1,1
5390,4150,1,1
1420,1387,1,1
3902,3909,1,1
1359,1319,1,1
4946,5168,1,1
4484,4674,1,1
1920,1821,1,1
1206,1167,1,1
4223,4383,1,1
3578,5469,1,1
800,780,1,1
917,860,1,1
3975,3807,1,1
3410,3477,1,1
209,163,1,1
4181,4339,1,1
4187,4344,1,1
541,496,1,1
5481,1007,1,1
3172,3354,1,1
1313,1235,1,1
2118,2051,1,1
1667,2279,1,1
3010,3187,1,1
1738,1668,1,1
3405,3474,1,1
4901,5110,1,1
3311,3395,1,1
2308,5297,1,1
3403,3472,1,1
3898,3905,1,1
1222,1151,1,1
2324,5316,1,1
1437 4007,1399,0,1
3894,3901,1,1
[1381],1343,0,1
4360,4538,1,1
3893,3900,1,1
2966,3035,1,1
620,600,1,1
,1176,1,1
4520,4709,1,1
1756,1684,1,1
5114,5397,1,1
1366,1332,1,1
1338,1294,1,1
719,2242,1,1
3452,3526,1,1
2924,3110,1,1
1771,1696,1,1
852,522,1,1
5136,5406,1,1
3985,3992,1,2
4834,5040,1,1
3198,3368,1,1
2428,2360,1,1
159,141,1,1
4316,4495,1,1
1421,1388,1,1
3576,3626,1,1
552,504,1,1
1838,2341,1,1
145,135,1,1
3895,3902,1,1
340,292,1,1
388,345,1,1
1008,955,1,1
1090,2147,1,1
2740,2921,1,1
3375,3382,1,1
2013,1914,1,1
485,452,1,1
276,237,1,1
3315,3402,1,1
4274,4434,1,1
4532,4720,1,1
2871,3053,1,1
35,72,1,1
205,179,1,1
1183,1134,1,1
1075,2137,1,1
2031,1921,1,1
3549,3616,1,1
2420,2354,1,1
3020,3204,1,1
3331,3432,1,1
2612,2750,1,1
3665,2408,1,1
179,151,1,1
115,797,1,1
512,413,1,1
1898,1772,1,1
3728,2432,1,1
1450,1416,1,1
531,486,1,1
283,241,1,1
39,2205,1,1
4078,3989,1,1
3201,3378,1,1
854,523,1,1
2886,3073,1,1
2369,5358,1,1
4713,4927,1,1
5502,1029,1,1
2683,2839,1,1
2435,2365,1,1
51,83,1,1
3380,3388,1,1
1357,1317,1,1
5131,5410,1,1
1151,1101,1,1
2514,2884,1,1
1457,1420,1,1
2053,1940,1,1
130,2215,1,1
499,466,1,1
1336,1285,1,1
2777,2946,1,1
4372,4548,1,1
186,158,1,1
1596,2274,1,1
5398,4168,1,1
1561,1498,1,1
119,799,1,1
2301,5288,1,1
5289,2561,1,1
1650,1593,1,1
2535,2673,1,1
2100,1978,1,1
3406,3475,1,1
3369,3346,1,1
2125,2001,1,1
1217,1142,1,1
4564,4751,1,1
382,339,1,1
3927,3935,1,1
2269,1949,1,1
5150,5427,1,1
1297,1259,1,1
4778,5125,1,1
578,559,1,1
2594,2736,1,1
4378,4503,1,1
3645,3698,1,1
3984,3991,1,1
4460,4649,1,1
4881,5081,1,1
2685,2841,1,1
2422,2603,1,1
4546,4735,1,1
913,857,1,1
1066,2129,1,1
1952,1840,1,1
2610,2764,1,1
3023,3193,1,1
5178,5456,1,1
1701,1632,1,1
4249,4412,1,1
3374,3376,1,1
122,112,1,1
1192,1154,1,1
2558,2698,1,1
3692,3722,1,1
4265,4426,1,1
3509,3578,1,1
3591,3658,1,1
2139,2018,1,1
5051,5237,1,1
872,541,1,2
357,309,1,1
2577,2717,1,1
478,446,1,1
464,419,1,1
1585,1521,1,1
3643,3695,1,1
3541,3625,1,1
3810,3814,1,1
1516,1464,1,1
3935,3938,1,1
5163,5434,1,1
1983,1880,1,1
4415,4578,1,1
3347,3437,1,1
1105,2168,1,1
2217,5506,1,1
2366,5352,1,1
5324,4104,1,1
3831,3833,1,1
4473,4661,1,1
2102,1980,1,1
2124,2000,1,1
1169 (~),1149,0,1
2654,2802,1,1
5381,4159,1,1
4887,5091,1,1
998,947,1,1
2226,5504,1,1
133,118,1,1
2140,2025,1,1
5226,2491,1,1
255,222,1,1
1383,1346,1,1
574,2238,1,1
1503,1451,1,1
416,381,1,1
4494,4693,1,1
1374,1326,1,1
182,154,1,1
438,432,1,1
2143,2028,1,1
3133,3307,1,1
551,503,1,1
1828,2079,1,1
1185,1136,1,1
616,595,1,1
1434,1357,1,1
3883,3886,1,1
5157,5438,1,1
644,627,1,1
5036,5192,1,1
4507,4687,1,1
1721,1640,1,1
202,175,1,1
3884,3887,1,1
1953,1841,1,1
4162,4316,1,1
2357,5345,1,1
5468,994,1,1
5554,1085,1,1
4508,4688,1,1
4380,4541,1,1
4417,4615,1,1
[448],379,0,1
2620,2769,1,1
2184,1787,1,1
2006,1901,1,1
5425,4201,1,1
2462,2376,1,1
5469,995,1,1
3329,3417,1,1
[3166],812,0,1
5208,2476,1,1
4695,4911,1,1
5394,4163,1,1
5164,5435,1,1
1724,1655,1,1
2447,2630,1,1
2287,5274,1,1
3669,2407,1,1
5534,1062,1,1
1032,983,1,1
252,2228,1,1
1099,2162,1,1
1990,1890,1,1
4089,4243,1,1
1141,1091,1,1
2138,2017,1,1
87,35,1,1
4170,4325,1,1
5373,4143,1,1
2761,2939,1,1
[2730],2911,0,1
5003,5195,1,1
1071,2133,1,1
3997,4017,1,1
2726,2867,1,1
2635,2785,1,1
3550,3617,1,1
1710,1646,1,1
212,187,1,1
3649,3697,1,1
5004,5196,1,1
4595,4785,1,1
4598,4790,1,1
2728,2904,1,1
270,224,1,1
995,943,1,1
4519,4708,1,1
5171,5451,1,1
4406,4454,1,1
3797,3740,1,1
2552,2692,1,1
2492,2620,1,1
4184,4341,1,1
313,278,1,1
263,226,1,1
412,374,1,1
1830,2082,1,1
4303,4469,1,1
328,364,1,1
5049,5234,1,1
4964,5174,1,1
678,660,1,1
3970,3980,1,1
4701,4917,1,1
738,727,1,1
3050,3228,1,1
97,47,1,1
2406,2346,1,1
1804,2055,1,1
2555,2695,1,1
2029,1920,1,1
17,68,1,1
1942,1827,1,1
81,33,1,1
95,43,1,1
2811,2990,1,1
5277,2547,1,1
5261,2538,1,1
2487,2595,1,1
486,453,1,1
581,576,1,1
3468,3503,1,1
1708,1644,1,1
4025,4077,1,1
1745,1675,1,1
4423,4624,1,1
4924,5132,1,1
1134,2198,1,1
632,611,1,1
5361,4129,1,1
4835,5041,1,1
3675,2412,1,1
595,646,1,1
4509,4689,1,1
1906,1782,1,1
3695,2417,1,1
1954,1842,1,1
980,926,1,1
3632,3682,1,1
4224,4385,1,1
4936,5154,1,2
401,272,1,1
1618,1560,1,1
5382,4160,1,1
4451,4646,1,1
244,213,1,1
2939,3125,1,1
16,67,1,1
4850,5138,1,1
317,281,1,1
147,127,1,1
4290,4572,1,1
750,677,1,1
262,225,1,1
1463,1427,1,1
2900,3086,1,1
5612,3767,1,1
4599,4954,1,1
1957,1845,1,1
4899,5106,1,1
2472,2660,1,1
668,614,1,1
1862,1734,1,1
3176,3359,1,1
3923,3931,1,1
3467,3534,1,1
3024,3200,1,1
5031,5188,1,1
1539,2267,1,1
3420,3487,1,1
1811,2062,1,1
2030,1919,1,1
5107,5391,1,1
3169,3352,1,1
850,813,1,1
1306,1268,1,1
5459,4187,1,1
1955,1844,1,1
5572,4594,1,1
3919,3927,1,1
4112,4266,1,1
1597,1532,1,1
691,692,1,1
[4577],4770,0,1
5020,5214,1,1
5077,5246,1,1
764,738,1,1
113,795,1,1
990,938,1,1
1460,1425,1,1
3394,3463,1,1
5113,5396,1,1
829,826,1,1
5446,4232,1,1
259,2227,1,1
3470,3507,1,1
1792,1725,1,1
4910,5121,1,1
180,152,1,1
793,769,1,1
903,846,1,1
1007,954,1,1
1649,1595,1,1
3892,3895,1,1
3913,3899,1,1
[3507],2398,0,1
3641,3696,1,2
3393,3462,1,1
1829,2080,1,1
5300,2576,1,1
2946,3135,1,1
1004,951,1,1
[1701],1631,0,1
1703,1633,1,1
2626,2776,1,1
5507,1030,1,1
1022,972,1,1
4500,4681,1,1
2741,2923,1,1
5080,5229,1,1
298,246,1,1
1425,1392,1,1
261,228,1,1
4761,4974,1,1
4740,4951,1,1
31,76,1,1
2434,2364,1,1
500,442,1,1
5545,1076,1,1
4969,4904,1,1
3529,3595,1,1
2959,3148,1,1
3881,3884,1,1
2137,2014,1,1
3186,3361,1,1
5383,4151,1,1
1361,1321,1,1
1926,1810,1,1
5396,4165,1,1
1864,1736,1,1
3921,3929,1,1
126,110,1,1
1608,1550,1,1
3413,3464,1,1
2018,1860,1,1
5447,4233,1,1
2879,3064,1,1
4694,4910,1,1
5352,4216,1,1
1890,1756,1,1
4107,4262,1,1
1113,2176,1,1
3202,3379,1,1
5246,2518,1,1
5622,3727,1,1
592,572,1,1
679,664,1,1
1452,1418,1,1
440,434,1,1
4285,4436,1,1
5387,4155,1,1
655,638,1,1
2432,2362,1,1
4291,4456,1,2
356,308,1,1
342,294,1,1
4272,4431,1,1
4825,5027,1,1
419,395,1,1
1461,1691,1,1
2565,2703,1,1
65,100,1,1
663,652,1,1
1575,1510,1,1
4096,4250,1,1
4356,4536,1,1
3577,3627,1,1
2339,5313,1,1
2659,2808,1,1
896,843,1,1
2679,2835,1,1
1600,1537,1,1
4932,5146,1,1
5617,2442,1,1
4110,4264,1,1
3627,3679,1,1
4479,4665,1,1
3548,3615,1,1
4828,5029,1,1
5245,2516,1,1
5427,4202,1,1
215,184,1,1
5241,2510,1,1
4944,5131,1,1
4959,5142,1,1
4888,5094,1,1
5005,5197,1,1
497,463,1,1
4913,5098,1,1
3873,3876,1,1
4852,5045,1,1
3821,3824,1,1
5220,2485,1,1
1400,1368,1,1
2273,1971,1,1
3936,3939,1,2
4854,5054,1,1
2538,2677,1,1
1347,1302,1,1
2631,2780,1,1
1677,1609,1,1
1541,2269,1,1
1943,1828,1,1
[3962],4477,0,1
[2476],2377,0,1
463,404,1,1
4266,4446,1,1
3929,3937,1,1
5267,2536,1,1
4938,5156,1,1
3691,3804,1,1
685,666,1,1
785,761,1,1
1387,1350,1,1
2995,3172,1,1
889,21,1,1
4284,4435,1,1
4256,4416,1,1
5582,4602,1,1
2028,1918,1,1
1123,2190,1,1
460,412,1,1
279,236,1,1
4643,4837,1,1
379,334,1,1
2319,5311,1,1
2182,1790,1,1
802,782,1,1
415,378,1,1
2550,2688,1,1
808,736,1,1
3715,3751,1,1
1572,1507,1,1
5540,1070,1,1
3337,3423,1,1
4573,4767,1,1
3154,3327,1,1
2529,2900,1,1
4837,5037,1,1
1513,1461,1,1
771,771,1,1
948,894,1,1
2416,2352,1,1
5029,5186,1,1
1474,1409,1,1
4817,5020,1,1
697,685,1,1
778,748,1,1
675 5410,657,0,1
5140 4999,5416,0,1
2996,3173,1,1
5252,2522,1,1
2035,2308,1,1
5538,1066,1,1
5275,2545,1,1
662,651,1,1
[2640],2544,0,1
3005,3182,1,1
1341,1297,1,1
2637,2787,1,1
5588,4606,1,1
2305,5293,1,1
3901,3908,1,1
3356,3457,1,1
[2509],2902,0,1
871,539,1,1
282,239,1,1
540,495,1,1
171,143,1,1
2002,1882,1,1
2833,3011,1,1
359,313,1,1
2913,3099,1,1
1149,1100,1,1
5341,4120,1,1
2591,2735,1,1
3200,3377,1,1
5471,997,1,1
2103,1981,1,1
4227,4387,1,1
3044,3217,1,1
2803,2981,1,1
893,661,1,1
1930,1814,1,1
3711,3753,1,1
5358,4130,1,1
1468,1431,1,1
3151,3325,1,1
5423,4200,1,1
1993,1893,1,1
2451,2639,1,1
947,893,1,1
2412,2351,1,1
2688,2846,1,1
4994,4876,1,1
5362,4131,1,1
5388,4156,1,1
3626,3678,1,1
90,38,1,1
176,148,1,1
4996,4877,1,1
4041,4056,1,1
4065,4060,1,1
4767,4980,1,1
5431,4207,1,1
141,2219,1,1
1612,1555,1,1
843,830,1,1
734,723,1,1
3533,3599,1,1
2211,5491,1,1
5371,4140,1,1
682,656,1,1
890,22,1,1
1595,1531,1,1
4359,4539,1,1
3685,3712,1,1
5450,4235,1,1
[4332],3924,0,1
3048,3227,1,1
4705,4920,1,1
4882,5082,1,1
4829,5031,1,1
3823,3825,1,1
2888,3076,1,1
4086,4259,1,1
487,454,1,1
661,650,1,1
1641,1584,1,1
1,219,1,1
5598,3703,1,1
3963,3972,1,1
4010,4023,1,1
4667,4861,1,1
4158,4313,1,1
5474,999,1,1
3531,3597,1,1
493,427,1,1
904,847,1,1
2403,2612,1,1
3510,3579,1,1
2764,2952,1,1
4407,4455,1,1
2200,5493,1,1
5513,1038,1,1
1692,1623,1,1
2854,3032,1,1
1472,1660,1,1
[2206],5485,0,1
2393,2593,1,1
4556,4743,1,1
2463,2649,1,1
2943,3133,1,1
4664,4858,1,1
1501-5064,1455,1,1
5193,2461,1,1
2930,3118,1,1
4072,4086,1,1
2696,2844,1,1
5357,4126,1,1
5115,5405,1,1
4450,4647,1,2
5518,1042,1,1
2915,3108,1,1
3991,4004,1,1
5155,5425,1,1
3653,3701,1,1
3359,3453,1,1
4502,4704,1,1
1045,2106,1,1
2466,2663,1,1
4150,4304,1,1
2738,2919,1,1
2256,2294,1,1
3031,3209,1,1
5464,991,1,1
894,662,1,1
4141,4291,1,1
3321,3408,1,1
929,870,1,1
3769,3793,1,1
3,2,1,1
623,604,1,1
2166,2023,1,1
2461,2375,1,1
[3461],1330,0,1
4447,4644,1,1
5191,2459,1,1
2306,5290,1,1
2809,2988,1,1
974,922,1,1
3455,3528,1,1
1182,1133,1,1
1404,1372,1,1
1238,1187,1,1
4216,4375,1,1
3917,3922,1,1
715,708,1,1
1812,2338,1,1
2790,2975,1,1
2767,2955,1,1
1009,957,1,1
187,159,1,1
[3043],3216,0,1
3145,3319,1,1
944,890,1,1
717,709,1,1
5006,5198,1,1
5558,1087,1,1
3732,3756,1,1
4764,4976,1,1
1363,1322,1,1
4763,4975,1,1
1039,985,1,1
4596,4812,1,1
2367,5355,1,1
1661,1598,1,1
4604,4793,1,1
3139,3313,1,1
2792,2972,1,1
[2792],248,0,1
4585,4782,1,1
4480,4673,1,1
3703,3737,1,1
3045,3218,1,1
5094,5378,1,1
3731,2436,1,1
[3458],3531,0,1
3451,3525,1,1
4538,4727,1,1
239,208,1,1
3382,3399,1,1
3990,4000,1,1
1136,2174,1,1
3098,3277,1,1
[2944],3130,0,1
2929,3117,1,1
5068,5259,1,1
1739,1669,1,1
5194,2462,1,1
4552,4740,1,1
5472,996,1,1
4665,4859,1,1
4557,4744,1,1
5555,1086,1,1
969,911,1,1
5116,5398,1,1
5556,1088,1,1
5192,2460,1,1
1428,1339,1,1
271,238,1,1
[1307],1269,0,1
[2652],2854,0,1
[4510],4685,0,1
5333,4111,1,2
[5391],5204,0,1
1174,1127,1,1
5489,1015,1,1
1164,1117,1,1
5254,2490,1,1
1487 1161 3361 1065,1439,0,1
4619,4815,1,1
488,455,1,1
2253,2296,1,1
2022,1806,1,1
5134,5413,1,1
2611,2751,1,1
3829,3831,1,1
2876,3062,1,1
4233,4393,1,1
1168,1121,1,1
3032,3210,1,1
3086,3267,1,1
2870,3054,1,1
4436,4648,1,1
3132,3305,1,1
3734,2437,1,1
2733,2910,1,1
428,394,1,1
5470,1001,1,1
549,501,1,1
4544,4732,1,1
821,803,1,1
4781,4995,1,1
2567,2705,1,1
4617,4809,1,1
194,168,1,1
5098,5381,1,1
4247,4408,1,1
1796,1729,1,1
2988,3166,1,1
4906,5044,1,2
4986,4869,1,1
3496,3565,1,1
5333,4110,1,2
3987,3992,1,1
3047,3219,1,1
5566,1056,1,1
4263,4423,1,2
774,744,1,1
1569,1563,1,1
