vidvan,vidtot,textid,referentie
1035018,1035020,106,524
23007014,23007014,106,513
5024001,5024001,106,512
5022021,5022021,106,512
13003017,13003018,106,509
24022024,24022024,106,509
5029018,5029020,106,509
3019028,3019028,106,509
14036008,14036008,106,509
24022001,24022007,106,509
14025015,14025027,106,508
14024017,14024025,106,508
14022009,14022009,106,508
14022003,14022003,106,508
5029020,5029020,106,508
24022030,24022030,106,507
9008006,9008022,106,507
28011001,28011001,106,523
51002003,51002003,106,523
24041017,24041017,106,523
40014041,40014041,106,520
40005002,40005002,106,517
8001001,8001002,106,517
42002024,42002024,106,540
66016013,66016013,106,540
66005006,66005006,106,540
66004005,66004005,106,540
58001007,58001007,106,540
44002002,44002002,106,540
43003008,43003008,106,540
46012013,46012013,106,537
49004005,49004005,106,537
44010044,44010048,106,537
44001005,44001005,106,537
42001017,42001017,106,536
40011014,40011014,106,536
12005014,12005014,106,535
3011040,3011040,106,535
2040031,2040031,106,535
2029004,2029004,106,535
50002030,50002030,106,551
27007002,27007027,106,551
27002044,27002044,106,551
43003024,43003024,106,547
49002007,49002007,106,572
40005001,40005002,106,571
45005021,45005021,106,568
46007039,46007039,106,568
66020014,66020014,106,566
49001003,49001003,106,558
42006017,42006017,106,555
40004008,40004008,106,586
50004006,50004007,106,584
60005007,60005007,106,584
19055022,19055022,106,584
49001007,49001007,106,581
49001007,49001007,106,579
57001015,57001015,106,578
3011022,3011022,106,534
23040003,23040003,106,532
45011006,45011006,106,599
45004005,45004005,106,599
45014017,45014017,106,597
33004004,33004004,106,597
51001025,51001025,106,596
49002020,49002020,106,596
5013001,5013005,106,596
5013005,5013005,106,596
45008026,45008026,106,593
66013001,66013001,106,612
66012003,66012003,106,612
42008023,42008025,106,611
41004035,41004041,106,611
27007014,27007014,106,610
66014014,66014014,106,610
43001011,43001011,106,604
42005012,42005014,106,603
41001040,41001044,106,603
40012024,40012024,106,626
66020002,66020002,106,625
66019020,66019020,106,625
66013002,66013002,106,625
66013001,66013001,106,625
66013015,66013015,106,639
59003015,59003015,106,636
40012024,40012024,106,635
42024046,42024049,106,631
45011026,45011026,106,631
66007009,66007017,106,631
66007003,66007008,106,631
40016019,40016019,106,631
40017009,40017009,106,631
40016020,40016020,106,631
40028016,40028020,106,631
43021002,43021002,106,630
43001044,43001046,106,630
44001026,44001026,106,630
44001013,44001013,106,630
42006014,42006014,106,630
41003016,41003016,106,630
40010002,40010002,106,630
66011003,66011006,106,646
40016021,40016021,106,667
66015005,66015005,106,667
46015004,46015004,106,666
44010040,44010040,106,666
45008001,45008001,106,664
45003026,45003026,106,664
45003024,45003024,106,664
46015024,46015024,106,664
51001020,51001020,106,664
45005018,45005018,106,664
40010025,40010025,106,660
1030020,1030020,106,660
46010020,46010020,106,660
12001002,12001002,106,660
66015005,66015005,106,693
47006014,47006014,106,687
45008001,45008001,106,687
40019005,40019005,106,687
66002020,66002020,106,687
66002015,66002015,106,687
66002009,66002009,106,687
40005001,40005001,106,687
44020029,44020029,106,687
44019015,44019015,106,687
3006017,3006017,106,685
3002011,3002011,106,685
2034025,2034025,106,685
2023018,2023018,106,685
46005008,46005008,106,685
2011015,2011015,106,685
40026017,40026017,106,685
66018003,66018003,106,683
66020002,66020002,106,678
44028025,44028027,106,676
23006009,23006010,106,676
66014014,66014014,106,672
4015038,4015040,106,707
66020002,66020002,106,706
45011026,45011026,106,706
45010013,45010013,106,706
49002019,49002019,106,703
40028028,40028028,106,703
44024024,44024024,106,701
44025013,44025013,106,701
44025013,44025013,106,701
44012001,44012023,106,701
44025013,44025013,106,701
40002022,40002022,106,701
42003001,42003001,106,701
42003019,42003019,106,701
41006017,41006017,106,701
40014003,40014003,106,701
42001006,42001006,106,701
40002001,40002001,106,701
40012031,40012031,106,626
66016021,66016021,106,693
42004015,42004030,106,697
40014016,40014016,106,716
44010036,44010036,106,713
40002011,40002022,106,713
44028029,44028029,106,713
44013046,44013047,106,713
45015008,45015008,106,713
23029013,23029013,106,711
23015022,23015022,106,710
40012001,40012008,106,710
40005027,40005048,106,710
40014020,40014020,106,720
66021014,66021014,106,723
52004017,52004017,106,723
55002013,55002013,106,726
61001016,61001016,106,728
47011014,47011014,106,731
45012002,45012002,106,731
42009031,42009031,106,733
66011003,66011012,106,735
42001017,42001017,106,735
11017001,11017001,106,736
66011006,66011006,106,736
39004005,39004005,106,736
2030012,2030014,106,739
23049022,23049022,106,739
23060005,23060011,106,739
38014016,38014019,106,739
40001001,40001001,106,739
23066024,23066024,106,745
48006001,48006001,106,748
45004007,45004007,106,750
49004032,49004032,106,750
51003013,51003013,106,750
45003024,45003024,106,752
45008001,45008001,106,752
45004005,45004005,106,752
45004016,45004016,106,752
44002038,44002038,106,752
44011003,44011003,106,752
44022021,44022021,106,752
1001027,1001027,106,755
11006005,11006005,106,755
46007016,46007016,106,755
1002024,1002024,106,756
46006016,46006016,106,756
49005031,49005031,106,756
40005031,40005032,106,757
5024001,5024001,106,757
66012005,66012005,106,759
66014004,66014004,106,759
66007003,66007003,106,759
44002045,44002045,106,761
66012005,66012005,106,765
49001003,49001003,106,765
46006003,46006003,106,765
45004005,45004005,106,769
58004002,58004002,106,769
45009032,45009033,106,769
41010035,41010035,106,771
41003017,41003017,106,771
44012001,44012001,106,771
42024045,42024045,106,775
44004009,44004011,106,790
42017006,42017006,106,783
66017018,66017018,106,783
7009008,7009015,106,783
43002019,43002019,106,779
43002013,43002022,106,779
43002016,43002016,106,779
40017024,40017024,106,779
51003005,51003005,106,779
27009025,27009025,106,778
66019011,66019011,106,778
2013013,2013013,106,778
40025001,40025001,106,795
5025005,5025006,106,799
21009005,21009005,106,800
19006005,19006005,106,800
46015016,46015019,106,800
2003006,2003006,106,800
44023008,44023008,106,801
2020003,2020003,106,802
5006004,5006004,106,802
5006005,5006005,106,802
51001015,51001015,106,803
43001001,43001001,106,803
40005003,40005011,106,810
44012002,44012002,106,815
43021018,43021018,106,815
14024020,14024022,106,816
38001001,38001001,106,816
66006002,66006002,106,824
66006003,66006004,106,825
66006009,66006009,106,828
27009027,27009027,106,829
40013014,40013014,106,829
66012001,66012016,106,829
66013015,66013017,106,830
49001012,49001012,106,832
52001010,52001010,106,832
52004017,52004017,106,832
46015052,46015054,106,832
50003021,50003021,106,832
40028008,40028008,106,833
52004017,52004017,106,837
52005004,52005004,106,837
44009036,44009041,106,837
44020009,44020010,106,837
47005010,47005010,106,839
46003015,46003015,106,839
66020010,66020010,106,851
66020011,66020011,106,849
66020011,66020011,106,849
46003013,46003015,106,847
47005010,47005010,106,847
49002008,49002008,106,847
45008001,45008001,106,847
49001003,49001003,106,844
19045014,19045014,106,844
66019009,66019009,106,844
66019007,66019007,106,844
44001016,44001019,106,861
44004034,44004034,106,861
42023011,42023011,106,868
48003013,48003013,106,872
47005021,47005021,106,872
25001013,25001013,106,872
23053010,23053010,106,872
40016016,40016016,106,875
43019039,43019039,106,876
41008031,41008031,106,878
41009031,41009031,106,878
41010034,41010034,106,878
40020012,40020012,106,882
3023009,3023014,106,882
3023015,3023015,106,882
46016002,46016002,106,882
44020001,44020001,106,882
41016002,41016002,106,882
42024001,42024001,106,882
43020001,43020019,106,882
66011017,66011017,106,883
44011003,44011003,106,883
44008016,44008016,106,883
50002030,50002030,107,894
27009027,27009027,107,894
41011008,41011008,107,894
27009024,27009024,107,894
1008012,1008012,107,889
12001010,12001012,107,887
46011014,46011014,107,887
41009013,41009013,107,887
4006002,4006007,107,887
40012005,40012005,107,913
5023025,5023025,107,912
42009054,42009054,107,910
42001017,42001017,107,910
23053006,23053006,107,909
45005021,45005021,107,922
40010002,40010002,107,919
41016017,41016017,107,918
41016015,41016015,107,918
41016014,41016014,107,918
44001026,44001026,107,918
47005019,47005019,107,932
54004001,54004001,107,932
40013039,40013039,107,939
66017015,66017015,107,943
47005020,47005020,107,954
2012007,2012007,107,953
66013008,66013008,107,949
40012043,40012045,107,949
39004002,39004002,107,972
43006013,43006013,107,969
3020021,3020021,107,965
3018016,3018016,107,965
42022035,42022035,107,960
45015016,45015016,107,958
45015008,45015008,107,958
42004016,42004016,107,957
45015008,45015008,107,982
45015027,45015027,107,982
49002019,49002019,107,982
44016018,44016018,107,1007
48002002,48002002,107,1007
12002011,12002011,107,1002
66011003,66011012,107,1002
39004005,39004006,107,1002
51002009,51002009,107,1001
43021018,43021023,107,1000
44012001,44012001,107,1000
40026012,40026012,107,1025
6006026,6006026,107,1025
40020029,40020029,107,1025
42018035,42018035,107,1025
43021020,43021020,107,1023
44012002,44012002,107,1023
44003006,44003006,107,1022
44004034,44004034,107,1021
44004032,44004032,107,1021
44002044,44002044,107,1021
44002045,44002045,107,1017
1002024,1002024,107,1014
46007015,46007015,107,1013
40005032,40005032,107,1013
1001027,1001027,107,1013
42002022,42002022,107,1028
42002042,42002042,107,1028
43007002,43007002,107,1028
43007010,43007010,107,1028
43010022,43010022,107,1028
43005002,43005002,107,1028
41014015,41014015,107,1028
66019011,66019011,107,1029
38009009,38009009,107,1029
2013013,2013013,107,1029
43002013,43002013,107,1032
46005010,46005010,107,1032
51003005,51003005,107,1032
49001007,49001007,107,1035
23005007,23005007,107,1039
40017024,40017027,107,1042
2030011,2030016,107,1042
46015012,46015028,107,1043
51001015,51001015,107,1046
54001017,54001017,107,1046
43001018,43001018,107,1046
1032030,1032030,107,1046
23006005,23006005,107,1046
43012041,43012041,107,1046
47004004,47004004,107,1046
43001014,43001014,107,1046
40001018,40001018,107,1046
43002020,43002020,107,1051
60002005,60002005,107,1051
49003009,49003009,107,1052
44001007,44001007,107,1052
66006002,66006002,107,1052
66011003,66011003,107,1053
27012011,27012011,107,1055
66012006,66012006,107,1055
44003020,44003020,107,1060
44028026,44028027,107,1060
52001010,52001010,107,1060
3023005,3023006,107,1064
2012008,2012008,107,1064
3023007,3023007,107,1069
2012004,2012004,107,1070
54001015,54001015,107,1071
43013002,43013002,107,1071
40027003,40027003,107,1071
43006063,43006063,107,1072
24031032,24031032,107,1073
24032040,24032040,107,1073
26036024,26036030,107,1073
58008007,58008012,107,1073
58010015,58010017,107,1073
2024008,2024008,107,1073
58009015,58009027,107,1073
43012006,43012006,107,1078
43013029,43013029,107,1078
26009003,26009003,107,1082
26010018,26010019,107,1082
26011023,26011023,107,1082
2003014,2003014,107,1084
43018036,43018036,107,1089
43019011,43019011,107,1089
43008044,43008044,107,1090
23053007,23053007,107,1091
43019019,43019019,107,1092
40027037,40027037,107,1092
41016038,41016038,107,1092
43019022,43019022,107,1092
5021023,5021023,107,1094
48003013,48003013,107,1094
23053010,23053010,107,1094
19022001,19022001,107,1095
54003016,54003016,107,1097
40028001,40028001,107,1098
23053009,23053009,107,1098
3023007,3023007,107,1102
41016020,41016020,107,1103
44028001,44028006,107,1103
39004005,39004005,108,1127
42001013,42001013,108,1126
3012003,3012003,108,1126
3012002,3012002,108,1126
47001020,47001020,108,1123
46015024,46015024,108,1121
40001020,40001020,108,1117
27009021,27009021,108,1115
27008016,27008016,108,1115
66011003,66011012,108,1113
40017010,40017010,108,1113
39004005,39004006,108,1113
38006012,38006012,108,1112
13024010,13024010,108,1108
44025013,44025013,108,1108
44012001,44012001,108,1108
42003001,42003001,108,1108
44026005,44026005,108,1107
43003007,43003007,108,1107
43003003,43003003,108,1107
40027051,40027051,108,1107
24003001,24003001,108,1146
28003003,28003003,108,1146
28002002,28002002,108,1146
9001020,9001020,108,1146
27009025,27009026,108,1143
3012008,3012008,108,1142
3012002,3012004,108,1142
43010007,43010007,108,1137
10019037,10019040,108,1133
33005002,33005002,108,1133
4018008,4018024,108,1154
1003016,1003016,108,1163
4027008,4027008,108,1163
40001012,40001012,108,1164
54002014,54002014,108,1167
40013053,40013058,108,1173
41006001,41006006,108,1173
42024001,42024002,108,1174
40017027,40017027,108,1186
40013047,40013047,108,1186
42003013,42003013,108,1193
33004004,33004004,108,1213
40023024,40023024,108,1211
40023016,40023016,108,1211
40015014,40015014,108,1211
66020007,66020010,108,1208
66019015,66019015,108,1208
26036026,26036026,108,1208
24031027,24031034,108,1208
54006017,54006019,108,1206
66018010,66018010,108,1206
66007013,66007017,108,1206
9021001,9021006,108,1200
42012001,42012001,108,1199
5023025,5023025,108,1199
3023006,3023008,108,1198
43019031,43019031,108,1198
49003009,49003009,108,1218
27012012,27012012,108,1219
27012002,27012002,108,1219
19008007,19008009,108,1259
43004039,43004042,108,1256
43004009,43004009,108,1256
23053007,23053007,108,1238
23053007,23053007,108,1238
41006020,41006026,108,1238
48003010,48003010,108,1275
5027026,5027026,108,1275
43004009,43004009,108,1275
3018005,3018005,108,1275
42011046,42011046,108,1275
42009040,42009040,108,1272
49001005,49001005,108,1280
42003014,42003021,108,1280
66020001,66020003,108,1283
42004024,42004030,108,1288
1004039,1004039,108,1295
62003012,62003012,108,1295
14024020,14024022,108,1295
38001001,38001001,108,1295
52005002,52005002,108,1312
50003020,50003020,108,1312
52005010,52005010,108,1313
46003015,46003015,108,1313
42002014,42002014,108,1316
23009006,23009007,108,1316
18042005,18042005,108,1319
40021019,40021019,108,1320
41011013,41011013,108,1320
40013031,40013032,108,1324
42012001,42012001,108,1324
42023008,42023008,108,1330
46003019,46003019,108,1334
40015024,40015024,108,1345
43010011,43010011,108,1345
44001008,44001008,108,1357
40023026,40023026,108,1368
42013019,42013019,108,1361
66006009,66006011,108,1374
52005017,52005017,108,1374
48003021,48003021,108,1379
42001001,42001001,108,1379
42024035,42024035,108,1379
42020029,42020034,108,1384
41010046,41010048,108,1384
42018018,42018018,108,1390
45004011,45004012,108,1391
48003007,48003007,108,1391
27009026,27009026,108,1396
38014004,38014004,108,1398
38009009,38009009,108,1399
27009025,27009025,108,1400
45013001,45013007,108,1410
5025005,5025006,108,1411
50002005,50002008,108,1414
66006003,66006004,108,1420
66006005,66006006,108,1420
66006007,66006008,108,1420
66006012,66006017,108,1424
66007002,66007017,108,1424
44003019,44003019,108,1427
60005006,60005006,108,1449
2012005,2012005,108,1436
43001029,43001029,108,1436
2012003,2012006,108,1436
4028016,4028017,108,1433
3023005,3023008,108,1430
66011015,66011015,108,1467
21012007,21012007,108,1470
44002027,44002027,108,1470
1003009,1003009,108,1470
23053009,23053009,108,1471
40028001,40028001,108,1474
43020001,43020019,108,1474
44020006,44020007,108,1474
46016002,46016002,108,1474
46016008,46016008,108,1474
3023015,3023015,108,1474
42016009,42016009,108,1474
40016021,40016023,108,1476
44002023,44002023,108,1476
19016009,19016010,108,1479
44002025,44002028,108,1479
40010005,40010008,108,1481
40028016,40028020,108,1481
44002038,44002038,108,1481
44010043,44010043,108,1481
44026018,44026018,108,1481
44013002,44013002,108,1481
44013038,44013039,108,1481
47005016,47005021,108,1481
51001015,51001017,109,1487
1001011,1001011,109,1488
19119025,19119025,109,1488
19119105,19119105,109,1488
23006001,23006001,109,1494
58002002,58002002,109,1494
2013003,2013003,109,1497
3004032,3004032,109,1497
3005006,3005006,109,1497
3014012,3014012,109,1497
3027038,3027038,109,1497
2003007,2003007,109,1497
3023011,3023011,109,1497
2012006,2012006,109,1497
9015022,9015022,109,1501
40002022,40002022,109,1503
40002023,40002023,109,1503
23062003,23062005,109,1507
7009013,7009013,109,1507
24031031,24031033,109,1507
2012015,2012015,109,1509
46005010,46005010,109,1509
51003005,51003005,109,1509
58010005,58010010,109,1510
43003010,43003010,109,1511
43014002,43014002,109,1511
43021017,43021017,109,1511
43001047,43001047,109,1511
43013011,43013011,109,1511
43004017,43004017,109,1511
43005006,43005006,109,1511
43021017,43021017,109,1511
26036026,26036026,109,1514
47005017,47005017,109,1514
47005018,47005018,109,1514
43007050,43007050,109,1516
43019039,43019039,109,1516
24002002,24002002,109,1522
24031032,24031032,109,1522
26016003,26016003,109,1522
26016015,26016015,109,1522
26016059,26016060,109,1522
24003008,24003016,109,1522
5024001,5024004,109,1522
24003001,24003014,109,1522
24031031,24031037,109,1522
28003005,28003005,109,1522
66021002,66021009,109,1522
66021024,66021024,109,1522
43005029,43005029,109,1522
47005019,47005019,109,1525
23055001,23055001,109,1530
66011015,66011015,109,1536
45008003,45008003,109,1541
24031033,24031034,109,1541
26011017,26011020,109,1543
58004009,58004009,109,1544
43011025,43011025,109,1547
43011026,43011026,109,1547
66020006,66020006,109,1550
66020012,66020012,109,1551
43008014,43008014,109,1552
43007052,43007052,109,1553
43009012,43009012,109,1553
43002001,43002001,109,1557
43004046,43004046,109,1557
43005002,43005002,109,1557
66006006,66006006,109,1557
40004004,40004004,109,1557
30009013,30009013,109,1557
23011009,23011011,109,1557
43001001,43001001,109,1557
41008001,41008009,109,1557
43012012,43012016,109,1559
45014017,45014017,109,1559
40027025,40027025,109,1560
66020002,66020002,109,1560
40025031,40025046,109,1560
66011015,66011015,109,1560
19078023,19078025,109,1561
3023001,3023044,109,1572
4028016,4028016,109,1572
4029001,4029040,109,1572
5016001,5016022,109,1572
16008013,16008018,109,1572
38014016,38014019,109,1572
5016015,5016016,109,1572
43013033,43013033,109,1578
43008011,43008011,109,1584
43008001,43008011,109,1584
2033020,2033020,109,1591
50002007,50002007,109,1591
43012040,43012040,109,1594
58009026,58009026,109,1594
45011032,45011032,109,1596
43012040,43012040,109,1597
44004013,44004013,109,1600
50001029,50001029,109,1601
9017036,9017036,109,1605
19095007,19095007,109,1605
19007041,19007041,109,1605
43021020,43021020,109,1605
43021013,43021013,109,1605
43021001,43021001,109,1605
23040011,23040011,109,1605
24023001,24023004,109,1605
26034001,26034024,109,1605
43021016,43021016,109,1605
40002006,40002006,109,1605
66002027,66002027,109,1605
66012005,66012005,109,1605
43019015,43019015,109,1605
58013020,58013020,109,1608
60001001,60001001,109,1609
2021006,2021006,109,1611
2022008,2022009,109,1611
19082006,19082006,109,1611
18001006,18001006,109,1611
47004004,47004004,109,1611
19082008,19082008,109,1611
2012027,2012027,109,1628
23045007,23045007,109,1625
42007011,42007016,109,1625
41005035,41005042,109,1625
47006010,47006010,109,1624
52004013,52004013,109,1624
46015022,46015028,109,1623
50003020,50003020,109,1623
49001012,49001012,109,1623
43015051,43015055,109,1623
52004013,52004018,109,1623
66020006,66020006,109,1623
43005029,43005029,109,1623
46007039,46007039,109,1620
61003004,61003004,109,1620
52004013,52004013,109,1620
43011030,43011030,109,1620
46007039,46007039,109,1620
43013036,43013036,109,1620
44007060,44007060,109,1620
43011011,43011012,109,1620
44012006,44012006,109,1620
42022045,42022045,109,1620
43021013,43021013,109,1620
40027052,40027052,109,1620
23006011,23006011,109,1617
26037003,26037003,109,1616
27009025,27009025,109,1635
40023033,40023033,109,1639
53001005,53001005,109,1639
66014007,66014007,109,1639
66016007,66016007,109,1639
66018010,66018010,109,1639
66019002,66019002,109,1639
43014030,43014030,109,1639
43016011,43016011,109,1639
23053002,23053003,109,1642
45011032,45011032,109,1644
43013013,43013015,109,1645
2029004,2029004,109,1652
2030019,2030021,109,1652
62001009,62001009,109,1652
44007033,44007033,109,1652
6005015,6005015,109,1652
2003005,2003005,109,1652
43007004,43007008,109,1650
1049017,1049017,109,1650
1025021,1025026,109,1650
1003015,1003015,109,1650
43013005,43013005,109,1649
43012024,43012024,109,1649
43001029,43001029,109,1649
43001009,43001009,109,1649
43001001,43001001,109,1649
45015008,45015008,109,1664
50004006,50004006,109,1664
43007039,43007039,109,1665
62004006,62004006,109,1665
43006063,43006063,109,1665
43020022,43020022,109,1665
1002007,1002007,109,1665
46015045,46015045,109,1665
44002038,44002038,109,1665
44008015,44008017,109,1665
43020023,43020023,109,1665
49001013,49001013,109,1665
43009037,43009037,109,1668
27009026,27009026,109,1668
66019011,66019016,109,1668
43012031,43012031,109,1668
43016011,43016011,109,1668
19080008,19080016,109,1672
23005007,23005007,109,1672
24002021,24002021,109,1672
7009013,7009013,109,1672
28010001,28010001,109,1672
58002001,58002001,109,1674
58003006,58003006,109,1674
58003012,58003012,109,1674
58006004,58006006,109,1674
50002013,50002013,109,1676
43012031,43012031,109,1681
43014030,43014030,109,1681
43016011,43016011,109,1681
51001025,51001025,109,1682
49001004,49001004,109,1682
46015024,46015024,109,1682
45003023,45003023,109,1691
45007015,45007015,109,1707
42003002,42003002,109,1710
41015025,41015025,109,1724
19022014,19022015,109,1729
19069021,19069021,109,1729
3023007,3023007,109,1731
42008002,42008003,109,1740
5034000,5034000,109,1749
40017027,40017027,109,1749
41001016,41001016,109,1749
40013047,40013047,109,1749
42005004,42005006,109,1749
43013037,43013037,109,1753
43001014,43001014,109,1753
42001003,42001003,110,1757
42024047,42024047,110,1762
38014003,38014004,110,1764
27007013,27007013,110,1764
66001007,66001007,110,1764
40024030,40024030,110,1764
44010004,44010004,110,1765
44003018,44003018,110,1765
40010003,40010003,110,1765
44004034,44004034,110,1766
40027007,40027007,110,1767
40019028,40019028,110,1768
20016033,20016033,110,1769
2023014,2023014,110,1772
43020022,43020022,110,1773
44001008,44001008,110,1773
44002032,44002032,110,1774
44002027,44002027,110,1777
44002027,44002027,110,1779
49003009,49003009,110,1779
47005020,47005020,110,1779
10023005,10023005,110,1784
58010025,58010025,110,1784
44012007,44012007,110,1786
21012007,21012007,110,1786
1003019,1003019,110,1786
42023046,42023046,110,1786
46015038,46015038,110,1786
40018027,40018034,110,1791
58006006,58006006,110,1791
58010027,58010027,110,1791
45005011,45005011,110,1791
27009007,27009007,110,1792
44004016,44004016,110,1798
23035006,23035006,110,1798
42002043,42002043,110,1800
42023034,42023034,110,1802
5018019,5018019,110,1804
40002016,40002016,110,1805
42002043,42002043,110,1805
40012018,40012018,110,1805
44003013,44003013,110,1805
40004027,40004030,110,1805
40023002,40023002,110,1809
40027063,40027063,110,1810
40028013,40028013,110,1810
40019027,40019027,110,1812
45013001,45013001,110,1812
19002010,19002012,110,1814
26047013,26047013,110,1817
40026036,40026036,110,1818
3025034,3025034,110,1819
26048013,26048014,110,1819
47005010,47005010,110,1823
19018044,19018044,110,1825
19081015,19081015,110,1825
19066003,19066003,110,1825
44004003,44004003,110,1828
44004019,44004019,110,1833
44022003,44022003,110,1835
46004009,46004009,110,1838
40026061,40026061,110,1844
43002021,43002021,110,1844
40023038,40023038,110,1844
40024002,40024002,110,1844
43002019,43002019,110,1844
43002022,43002022,110,1844
1046026,1046027,110,1851
2013019,2013019,110,1853
1033019,1033019,110,1853
2003002,2003004,110,1858
2019003,2019003,110,1858
48003019,48003019,110,1858
58002002,58002002,110,1858
51001015,51001015,110,1862
44005025,44005027,110,1862
14036014,14036014,110,1862
30001001,30001001,110,1862
11012025,11012030,110,1862
26009003,26009003,110,1865
26010004,26010004,110,1865
44011023,44011023,110,1865
43001014,43001014,110,1865
44022022,44022022,110,1866
42019014,42019014,110,1868
49001013,49001013,110,1878
44002038,44002038,110,1876
43002023,43002025,110,1874
12017024,12017027,110,1873
44001008,44001008,110,1873
52005010,52005010,110,1900
44020009,44020009,110,1900
66020004,66020004,110,1900
66020005,66020005,110,1900
66014013,66014013,110,1899
24033009,24033009,110,1899
44028007,44028007,110,1899
44028021,44028021,110,1899
44014008,44014008,110,1899
45011011,45011011,110,1898
45010001,45010001,110,1898
44022017,44022018,110,1898
47011032,47011033,110,1896
48001017,48001018,110,1895
44002029,44002030,110,1894
50001029,50001029,110,1893
47011023,47011033,110,1893
44022009,44022009,110,1890
54001012,54001016,110,1887
44007058,44007058,110,1885
48002011,48002012,110,1912
44002038,44002038,110,1912
44011018,44011018,110,1911
44015007,44015007,110,1910
40025034,40025036,110,1908
44011014,44011014,110,1908
45011006,45011006,110,1907
45005001,45005011,110,1907
44013014,44013014,110,1923
44011027,44011027,110,1923
60004016,60004016,110,1922
44026028,44026028,110,1922
44014027,44014027,110,1918
44008019,44008019,110,1918
51002012,51002012,110,1917
49004005,49004005,110,1917
46001017,46001017,110,1917
46001014,46001016,110,1917
45006003,45006003,110,1917
44016015,44016015,110,1917
44001005,44001005,110,1916
44018004,44018004,110,1915
44017004,44017004,110,1915
44016014,44016014,110,1915
44014001,44014001,110,1915
44013043,44013043,110,1915
44014007,44014007,110,1915
44013007,44013007,110,1915
42024047,42024047,110,1915
42024033,42024033,110,1915
44011030,44011030,110,1933
48001019,48001019,110,1928
42008021,42008021,110,1928
43021018,43021018,110,1926
43001042,43001042,110,1926
44021020,44021020,110,1944
40018023,40018025,110,1944
44013033,44013033,110,1941
44002030,44002031,110,1941
44017001,44017004,110,1941
44008014,44008014,110,1938
45011025,45011025,110,1938
51002014,51002014,110,1962
49002015,49002015,110,1962
30009011,30009012,110,1959
49002015,49002015,110,1958
48002011,48002021,110,1958
48002001,48002005,110,1954
44012003,44012019,110,1982
44020006,44020006,110,1973
46001026,46001026,110,2004
53002006,53002006,110,1991
52001009,52001009,110,1989
52001008,52001008,110,1989
44020006,44020006,110,1989
44017014,44017014,110,1989
50002010,50002010,110,1989
46002004,46002004,110,2019
46002001,46002001,110,2019
56003013,56003013,110,2019
46001012,46001012,110,2019
46003010,46003010,110,2019
46003006,46003006,110,2019
46001001,46001001,110,2013
46003010,46003010,110,2011
46002003,46002003,110,2011
52002015,52002016,110,2010
55004014,55004014,110,2035
45005012,45005021,110,2032
47005014,47005021,110,2032
45015019,45015019,110,2032
49006012,49006012,110,2029
44020020,44020020,110,2027
44020034,44020034,110,2027
46001017,46001017,110,2024
51002001,51002001,110,2022
49001003,49001003,110,2057
47012004,47012004,110,2055
55001015,55001015,110,2054
51001025,51001027,110,2051
49003001,49003009,110,2051
49001009,49001009,110,2051
46013009,46013012,110,2047
52005010,52005010,110,2046
46015051,46015051,110,2046
66020004,66020005,110,2046
47002012,47002013,110,2045
44016008,44016009,110,2045
47003018,47003018,110,2042
45009004,45009005,110,2070
45007012,45007012,110,2070
49002014,49002014,110,2070
45015031,45015031,110,2068
43002023,43002025,110,2068
48002012,48002012,110,2067
48002009,48002009,110,2067
44015013,44015021,110,2067
48001019,48001019,110,2067
48002010,48002010,110,2065
44011028,44011028,110,2065
44008040,44008040,110,2063
47011024,47011024,110,2086
44019037,44019037,110,2086
44018012,44018017,110,2086
40018023,40018023,110,2085
48001017,48001018,110,2083
44009015,44009015,110,2081
44026017,44026017,110,2081
44009007,44009007,110,2080
42023007,42023007,110,2099
44009015,44009015,110,2098
44027024,44027024,110,2092
44018009,44018009,110,2092
44022027,44022027,110,2089
44022002,44022002,110,2089
44021037,44021037,110,2089
49003009,49003009,110,2140
45016025,45016025,110,2138
46015015,46015015,110,2138
44013038,44013038,110,2137
42010043,42010043,110,2137
42005031,42005031,110,2137
44002038,44002038,110,2137
42024047,42024047,110,2137
44001021,44001021,110,2136
44009007,44009007,110,2134
44022007,44022007,110,2132
26037001,26037014,110,2131
27012002,27012002,110,2131
54001015,54001015,110,2128
50003006,50003006,110,2128
44023001,44023001,110,2128
51004010,51004010,110,2146
57001024,57001024,110,2146
44020004,44020004,110,2146
44019029,44019029,110,2146
55004011,55004011,110,2144
57001024,57001024,110,2144
45011026,45011026,110,2174
40013014,40013015,110,2174
23006009,23006010,110,2174
41016018,41016018,110,2164
35002004,35002004,111,2188
45015016,45015016,111,2182
48002009,48002009,111,2182
43011044,43011044,111,2181
42007011,42007016,111,2181
41005035,41005042,111,2181
43005026,43005026,111,2181
45016025,45016027,111,2180
44013002,44013002,111,2180
45001026,45001026,111,2215
45002027,45002027,111,2215
19014002,19014003,111,2238
45001017,45001017,111,2245
49002008,49002008,111,2275
46015022,46015022,111,2306
42012050,42012050,111,2330
46012013,46012013,111,2330
45002007,45002007,111,2338
1002024,1002024,111,2365
2032019,2032019,111,2369
50003021,50003021,111,2409
49003001,49003001,111,2470
66007009,66007009,111,2468
66007004,66007004,111,2468
28001009,28001011,111,2467
28002023,28002023,111,2467
45005018,45005018,111,2465
1017018,1017020,111,2462
5030020,5030020,111,2504
5030001,5030014,111,2504
44001008,44001008,111,2508
45001018,45001018,111,2590
45008011,45008011,111,2590
49006012,49006015,111,2615
40013030,40013030,111,2619
55001011,55001011,111,2661
48002009,48002009,111,2661
44019021,44019021,111,2666
47005016,47005016,111,2666
47005017,47005020,111,2666
44013039,44013039,111,2666
49002012,49002012,111,2667
49002019,49002019,111,2667
44021028,44021028,111,2669
44021020,44021020,111,2669
44022022,44022022,111,2669
55004019,55004019,111,2694
44018002,44018002,111,2694
44018018,44018018,111,2694
45009003,45009003,111,2695
43018020,43018020,111,2695
44014014,44014014,111,2695
50004022,50004022,111,2697
40015021,40015021,111,2700
44013001,44013001,111,2702
44017005,44017009,111,2702
44020004,44020004,111,2702
45001001,45001001,111,2704
46005009,46005009,112,2713
46007001,46007001,112,2713
44018011,44018011,112,2718
45016023,45016023,112,2721
43004002,43004002,112,2721
51002012,51002012,112,2721
44018024,44018028,112,2736
44011019,44011019,112,2754
2003005,2003005,112,2770
2029037,2029037,112,2777
43008042,43008042,112,2788
45011036,45011036,112,2788
43006057,43006057,112,2788
43017022,43017022,112,2788
44001022,44001022,112,2791
40019028,40019028,112,2791
46013007,46013007,112,2803
49004003,49004003,112,2811
55002022,55002022,112,2811
46001017,46001017,112,2814
44015020,44015020,112,2814
44016004,44016004,112,2814
51002014,51002014,112,2814
44013002,44013002,112,2814
49004011,49004011,112,2823
46012031,46012031,112,2823
46013008,46013008,112,2823
46013008,46013008,112,2823
46002006,46002006,112,2827
49004018,49004018,112,2827
50003015,50003015,112,2827
51004008,51004008,112,2827
51004012,51004012,112,2827
51001025,51001025,112,2827
49001003,49001003,112,2827
51001028,51001028,112,2829
51004012,51004012,112,2829
49003009,49003009,112,2830
46014021,46014021,112,2836
23028012,23028012,112,2836
46014038,46014038,112,2841
46005005,46005005,112,2843
52004016,52004016,112,2853
46015052,46015052,112,2853
50003021,50003021,112,2853
50003021,50003021,112,2861
46016011,46016011,112,2866
42024038,42024038,112,2866
52004016,52004016,112,2867
50003021,50003021,112,2867
28013014,28013014,112,2868
66020014,66020014,112,2868
48002010,48002010,112,2871
45015027,45015027,112,2871
49003006,49003006,112,2871
44021018,44021022,112,2871
44019026,44019026,112,2872
44019022,44019022,112,2873
54004012,54004012,112,2873
44018024,44018024,112,2874
39003009,39003009,112,2875
3027021,3027029,112,2875
6007001,6007015,112,2875
9015001,9015020,112,2875
41014036,41014036,112,2875
46008015,46008015,112,2875
48004006,48004006,112,2875
46005001,46005001,113,2891
46005005,46005005,113,2891
2034028,2034035,113,2900
2034033,2034033,113,2900
58001003,58001003,113,2906
40013021,40013021,113,2910
41004017,41004017,113,2910
58011025,58011025,113,2910
3026011,3026012,113,2924
23052011,23052011,113,2925
51001016,51001016,113,2933
50002006,50002006,113,2933
50002007,50002008,113,2933
44020004,44020004,113,2936
48002010,48002010,113,2945
46001012,46001012,113,2947
61003016,61003016,113,2954
60005008,60005008,113,2956
44006001,44006001,113,2959
44014019,44014019,113,2959
44014026,44014026,113,2963
61003005,61003005,113,2963
61003007,61003007,113,2963
66021001,66021001,113,2963
66022002,66022002,113,2963
44020002,44020002,113,2969
44009001,44009020,114,2984
44015007,44015011,114,2988
1022015,1022018,114,3009
44021020,44021020,114,3032
51002008,51002008,114,3023
48004009,48004009,114,3023
45006001,45006001,114,3035
48006002,48006002,114,3049
48006004,48006004,114,3049
48006030,48006030,114,3049
50002010,50002010,115,3062
48004001,48004007,115,3065
47005017,47005017,115,3065
49003004,49003005,115,3067
60003022,60003022,115,3067
49003009,49003009,115,3067
52004013,52004013,115,3068
44019010,44019010,115,3071
44020027,44020027,115,3071
49003009,49003009,115,3071
49003001,49003001,115,3071
45006002,45006002,115,3076
45006008,45006011,115,3076
45004016,45004016,115,3081
3001002,3001002,115,3081
3002001,3002001,115,3081
3003001,3003001,115,3081
41007011,41007011,115,3081
44015020,44015020,115,3086
44016004,44016004,115,3086
49004024,49004024,115,3086
49004022,49004022,115,3086
49004001,49004001,115,3091
45015009,45015012,115,3091
45015016,45015016,115,3091
45015027,45015027,115,3091
46012013,46012013,115,3091
46012027,46012027,115,3091
49002012,49002012,115,3091
49003001,49003001,115,3095
19068018,19068018,115,3105
46013010,46013010,115,3106
50003015,50003015,115,3106
51001028,51001028,115,3106
51004012,51004012,115,3106
45002010,45002010,115,3106
46013008,46013008,115,3106
51003008,51003008,115,3112
2022001,2022005,115,3113
24003008,24003020,115,3125
49001009,49001009,115,3126
49003009,49003009,115,3126
49006019,49006019,115,3126
48003028,48003028,115,3126
50001012,50001012,115,3135
49006015,49006015,115,3131
44028016,44028021,116,3146
49004001,49004001,116,3146
50004022,50004022,116,3146
44028031,44028031,116,3150
55004006,55004006,116,3152
42012036,42012036,116,3152
55003005,55003005,116,3159
46015028,46015028,116,3160
60003022,60003022,116,3160
51001020,51001020,116,3160
4015005,4015005,116,3163
49001003,49001003,116,3167
54005023,54005023,116,3167
45015008,45015008,116,3178
49002005,49002006,116,3178
46015024,46015028,116,3184
45005018,45005018,117,3215
54004010,54004010,117,3215
46015024,46015027,117,3215
5005008,5005008,117,3213
54006016,54006016,117,3213
43004024,43004024,117,3213
27002044,27002044,117,3212
46015051,46015051,117,3208
52004016,52004016,117,3208
2027001,2027001,117,3224
2030017,2030017,117,3224
44015023,44015029,117,3225
43019010,43019011,117,3227
46013013,46013013,117,3236
49004003,49004006,117,3236
48003028,48003028,117,3240
55003002,55003002,117,3242
49006021,49006021,117,3251
44012025,44012025,117,3252
44013013,44013013,117,3252
44015037,44015040,117,3252
55004011,55004011,117,3252
51001007,51001007,117,3254
46013013,46013013,118,3261
44016009,44016009,118,3262
44018010,44018010,118,3262
44017006,44017006,118,3263
50004016,50004016,118,3269
47010010,47010010,118,3269
44020002,44020002,118,3275
44017015,44017015,118,3278
44018005,44018005,118,3278
43005029,43005029,118,3289
66020005,66020005,118,3289
45005009,45005009,118,3289
52005009,52005009,118,3289
46015051,46015051,118,3289
50003021,50003021,118,3289
44009003,44009003,118,3289
44009008,44009008,118,3289
44009018,44009018,118,3289
47004014,47004014,118,3291
44003002,44003016,118,3303
46013008,46013008,118,3302
52001001,52001001,118,3302
52005015,52005015,118,3296
66003003,66003003,118,3296
42012037,42012037,118,3296
41013034,41013034,118,3296
52005013,52005013,118,3296
40024042,40024042,118,3296
46004003,46004003,118,3295
53003017,53003017,119,3306
53003017,53003017,119,3313
66013001,66013008,119,3314
53003027,53003027,119,3314
66013014,66013014,119,3314
40024015,40024022,119,3314
47011014,47011015,119,3316
11018024,11018024,119,3316
66015013,66015013,119,3316
66013015,66013015,119,3316
5025004,5025004,119,3324
46009001,46009019,119,3324
44008001,44008003,119,3324
53002002,53002002,119,3327
46015024,46015024,120,3334
44009001,44009002,120,3333
45006014,45006014,120,3331
48005023,48005023,120,3331
45010004,45010004,120,3331
48004005,48004005,120,3331
48003019,48003019,120,3331
45003020,45003020,120,3331
45002014,45002014,120,3331
47005016,47005016,120,3330
44018018,44018018,120,3329
41008002,41008002,120,3329
40015032,40015032,120,3329
45005011,45005011,120,3336
45016025,45016025,120,3336
46015024,46015024,120,3337
45005018,45005018,120,3338
40020028,40020028,120,3338
1003012,1003012,120,3340
49003010,49003010,120,3345
58010020,58010020,120,3345
54001007,54001007,120,3342
56001005,56001005,120,3342
54001015,54001015,120,3350
54003001,54003001,120,3350
54004009,54004009,120,3350
44006001,44006001,120,3356
5025004,5025004,120,3357
46009009,46009009,120,3357
46009014,46009014,120,3357
42010007,42010007,120,3357
55001006,55001006,120,3360
47012007,47012007,120,3361
44013002,44013002,120,3361
54006021,54006021,120,3361
44028028,44028028,120,3361
50002026,50002026,120,3361
47003018,47003018,120,3361
45004017,45004017,120,3367
46015036,46015036,120,3367
43005219,43005219,120,3367
45008011,45008011,120,3367
47003006,47003006,120,3367
46015022,46015022,120,3367
46009019,46009019,120,3368
62003002,62003002,120,3368
50002019,50002019,121,3372
44016001,44016001,121,3372
47001001,47001001,121,3372
50001001,50001001,121,3372
51001001,51001001,121,3372
52001001,52001001,121,3372
53001001,53001001,121,3372
57001001,57001001,121,3372
58013023,58013023,121,3372
46015012,46015012,121,3385
54003015,54003015,121,3386
47012010,47012010,121,3394
44014019,44014019,121,3394
45015024,45015024,121,3401
56003012,56003012,121,3401
44013013,44013013,121,3403
44015038,44015038,121,3403
55001015,55001015,121,3404
55004010,55004010,121,3404
58009026,58009026,122,3410
48002001,48002005,122,3412
44010014,44010014,122,3418
41005015,41005015,122,3421
42008035,42008035,122,3421
54003011,54003011,122,3421
55003003,55003003,122,3421
46004008,46004008,122,3426
43003005,43003005,122,3427
56003002,56003002,122,3428
56003006,56003006,122,3428
44005017,44005017,122,3430
44015005,44015005,122,3430
44026005,44026005,122,3430
44002045,44002045,122,3430
55004012,55004012,122,3431
49006021,49006021,122,3431
55004011,55004011,123,3441
45009005,45009005,124,3444
51001016,51001016,124,3445
43014009,43014010,124,3446
40010011,40010011,124,3448
42007024,42007024,124,3448
42009052,42009052,124,3448
52004016,52004016,124,3448
48003019,48003019,124,3448
18038007,18038007,124,3449
42003038,42003038,124,3449
28001010,28001010,124,3449
19002007,19002007,124,3449
40001023,40001023,124,3449
42001032,42001033,124,3449
43001014,43001014,124,3449
10007014,10007014,124,3449
19104004,19104004,124,3450
46015028,46015028,124,3452
19045006,19045007,124,3452
49003010,49003010,124,3453
51001016,51001016,124,3453
13022018,13022018,124,3455
19110001,19110001,124,3455
66005008,66005012,124,3460
61002011,61002011,124,3461
50003014,50003014,124,3467
49001003,49001003,124,3467
49001020,49001020,124,3467
49003016,49003016,124,3467
49006012,49006012,124,3467
58012022,58012022,124,3467
58008005,58008005,124,3467
58011015,58011015,124,3467
66021010,66021010,124,3467
45011029,45011029,124,3467
46001026,46001026,124,3467
49001018,49001018,124,3467
55001009,55001009,124,3467
58003006,58003014,124,3467
61001010,61001010,124,3467
60002005,60002005,124,3467
19095007,19095011,124,3468
2017001,2017007,124,3468
4020001,4020013,124,3468
1002002,1002002,124,3473
66021022,66021022,124,3477
49002018,49002018,124,3477
4016040,4016040,124,3481
14026016,14026021,124,3481
46001017,46001017,124,3486
49004001,49004001,124,3486
58010034,58010034,124,3488
58013001,58013001,124,3488
40010040,40010042,124,3488
58007024,58007024,124,3498
58007006,58007006,124,3498
66021003,66021003,124,3495
66022022,66022022,124,3495
45005001,45005001,124,3494
23009004,23009004,124,3494
23032017,23032017,124,3494
19085010,19085010,124,3494
19072003,19072003,124,3494
60002009,60002009,124,3493
2019006,2019006,124,3493
24031031,24031034,124,3507
2026035,2026035,124,3512
2040022,2040025,124,3512
14026019,14026019,124,3512
26008011,26008011,124,3512
26036025,26036025,124,3514
1015008,1015021,124,3517
2024005,2024008,124,3517
4035022,4035029,124,3520
52005010,52005010,124,3523
58009014,58009014,124,3528
3001001,3001005,124,3528
2024005,2024005,124,3529
26043022,26043022,124,3530
43015003,43015003,124,3531
4015030,4015030,124,3532
4015032,4015036,124,3532
47005007,47005007,124,3532
45006001,45006001,124,3532
45008001,45008001,124,3532
2002014,2002014,124,3552
1015013,1015014,124,3549
1048008,1048020,124,3548
1015008,1015008,124,3542
1012010,1012010,124,3542
46010011,46010011,124,3538
47005017,47005017,124,3538
58001003,58001003,124,3537
47011017,47011017,124,3537
47009004,47009004,124,3537
2019012,2019020,124,3564
44007053,44007053,124,3565
58001014,58001014,124,3565
2012015,2012015,124,3566
4003012,4003013,124,3566
4003042,4003042,124,3566
58006012,58006013,124,3568
58009009,58009010,124,3574
43010016,43010016,124,3578
44018002,44018002,125,3583
59001007,59001007,125,3584
66018004,66018004,125,3586
41010023,41010023,125,3586
51002018,51002018,125,3590
44013043,44013043,125,3593
45004016,45004016,125,3595
45011006,45011006,125,3595
59004006,59004006,125,3595
55002019,55002019,125,3596
45012014,45012014,125,3601
45005008,45005008,125,3608
45005008,45005008,125,3609
50003020,50003020,125,3613
40005034,40005034,125,3615
44018018,44018018,125,3616
44021023,44021023,125,3616
58012003,58012003,125,3616
59001005,59001005,125,3618
59005013,59005016,125,3618
66002020,66002020,125,3619
66012009,66012009,125,3619
66013014,66013014,125,3619
49003008,49003009,126,3627
60003022,60003022,126,3628
49001010,49001010,126,3628
43003003,43003003,126,3632
47005011,47005011,126,3632
46015052,46015052,126,3632
40019028,40019028,126,3632
24031036,24031036,126,3632
19118022,19118023,126,3635
40021033,40021046,126,3635
23028016,23028016,126,3636
44004011,44004011,126,3637
2019004,2019006,126,3638
28001009,28001011,126,3639
28002023,28002023,126,3639
41007026,41007026,126,3643
45015008,45015008,126,3643
46011001,46011001,126,3643
49005001,49005001,126,3643
49005021,49005021,126,3647
40005039,40005039,126,3649
42006027,42006027,126,3649
45012021,45012021,126,3649
45012014,45012014,126,3649
49005002,49005002,126,3649
19034012,19034016,126,3650
23008012,23008013,126,3651
60002004,60002004,126,3654
44002038,44002038,126,3655
45003025,45003025,126,3659
62002002,62002002,126,3659
19078052,19078052,126,3665
40009036,40009036,126,3665
58013020,58013020,126,3665
60002025,60002025,126,3665
43010011,43010011,126,3665
60005004,60005004,126,3665
49004001,49004001,126,3665
43013001,43013016,126,3666
50004006,50004007,126,3667
61002020,61002020,127,3673
45001028,45001028,127,3673
43021018,43021018,127,3678
40017001,40017008,127,3679
41009002,41009007,127,3679
42009028,42009035,127,3679
66009014,66009014,127,3683
23045018,23045018,127,3690
19090004,19090004,127,3691
52005002,52005002,127,3692
66020011,66020011,127,3692
66021001,66021001,127,3692
1001002,1001002,127,3692
66021001,66021001,127,3692
47012002,47012002,127,3692
44001021,44001021,128,3696
49003009,49003009,128,3696
47004004,47004004,128,3696
51001015,51001015,128,3696
18042005,18042005,128,3696
43001014,43001014,128,3696
44002038,44002038,128,3699
59002014,59002014,128,3699
45008001,45008001,128,3699
62005019,62005019,128,3706
27009026,27009026,128,3707
53002008,53002008,128,3707
66013001,66013001,128,3707
66013011,66013011,128,3707
40024024,40024024,128,3707
41013022,41013022,128,3707
62004003,62004003,128,3707
43003003,43003003,128,3711
46015051,46015051,128,3711
47005017,47005017,128,3711
43003016,43003016,128,3711
50003021,50003021,128,3712
60005008,60005008,128,3713
18002005,18002005,128,3713
51001020,51001020,128,3713
62003012,62003012,128,3714
62003016,62003016,128,3714
43001034,43001034,128,3731
43019035,43019035,128,3731
40003017,40003017,128,3731
43019034,43019034,128,3731
40027054,40027054,128,3731
62005031,62005031,128,3733
66014010,66014010,128,3734
66013015,66013015,128,3734
64001010,64001010,129,3741
38014004,38014004,129,3741
42021027,42021027,129,3741
63001062,63001062,129,3741
41013026,41013026,129,3741
63001064,63001064,129,3741
63001030,63001030,129,3741
40016028,40016028,129,3741
62004002,62004002,129,3741
45007006,45007006,129,3739
45006015,45006015,129,3739
58008010,58008010,129,3739
45013008,45013008,129,3739
49001003,49001003,130,3744
60001009,60001009,130,3744
48002007,48002007,131,3751
26016053,26016056,131,3754
1004003,1004003,131,3755
1003017,1003017,131,3755
4016032,4016032,131,3755
1005018,1005018,131,3756
66011003,66011003,131,3756
65001003,65001003,131,3756
65001008,65001008,131,3756
61003001,61003004,131,3758
43020004,43020004,132,3762
43012033,43012033,132,3762
43018032,43018032,132,3762
43021019,43021019,132,3762
44025027,44025027,132,3762
66012001,66012001,132,3762
66012003,66012003,132,3762
66015001,66015001,132,3762
66013013,66013014,132,3762
44019020,44019020,132,3762
66016014,66016014,132,3762
60004007,60004007,132,3763
66004008,66004008,132,3764
66001008,66001008,132,3764
66011017,66011017,132,3764
66016005,66016005,132,3764
2039029,2039029,132,3768
60004017,60004017,132,3768
27010005,27010005,132,3768
27012003,27012003,132,3769
23041004,23041004,132,3770
23044006,23044006,132,3770
23048012,23048012,132,3770
66002008,66002008,132,3770
66022013,66022013,132,3770
66010007,66010007,132,3772
66017005,66017005,132,3772
66017007,66017007,132,3772
28011001,28011001,132,3779
24002002,24002002,132,3779
26016008,26016008,132,3779
26016010,26016010,132,3779
2019004,2019004,132,3779
2019006,2019006,132,3779
66002015,66002015,132,3780
4025002,4025002,132,3780
66022002,66022002,132,3781
49001003,49001003,132,3781
59001012,59001012,132,3785
66020011,66020011,132,3786
66002020,66002020,132,3788
66014004,66014004,132,3788
66021008,66021008,132,3788
66022015,66022015,132,3788
65001015,65001015,132,3788
4031008,4031008,132,3788
6013022,6013022,132,3788
66019021,66019021,132,3788
66012014,66012014,132,3789
40006011,40006011,132,3789
11016031,11016031,132,3792
61002015,61002015,132,3792
66009020,66009021,132,3792
66018003,66018003,132,3792
66002006,66002006,132,3792
66002014,66002014,132,3792
66006008,66006008,132,3793
46002010,46002010,132,3794
1003001,1003001,132,3794
1003006,1003006,132,3794
66012005,66012005,132,3795
66019015,66019015,132,3795
66022016,66022016,132,3796
66004005,66004005,132,3799
66005006,66005006,132,3799
52005002,52005002,132,3801
61003010,61003010,132,3801
66016015,66016015,132,3801
40024042,40024044,132,3801
42012039,42012039,132,3801
52005003,52005003,132,3801
52005004,52005004,132,3801
52005011,52005011,132,3801
5029018,5029020,132,3802
10023008,10023008,132,3802
10023039,10023039,132,3802
10020023,10020023,132,3802
51003003,51003003,132,3802
66013008,66013008,132,3802
51004008,51004008,132,3802
66020012,66020012,132,3802
66020015,66020015,132,3802
66021027,66021027,132,3802
66022019,66022019,132,3802
23022015,23022025,132,3804
23036022,23036022,132,3804
66001009,66001009,132,3807
66002002,66002003,132,3807
66002019,66002019,132,3807
66003010,66003010,132,3807
66013010,66013010,132,3807
66014012,66014012,132,3807
40010022,40010022,132,3807
40024013,40024013,132,3807
41013013,41013013,132,3807
66007015,66007015,132,3808
5034000,5034000,132,3808
66007003,66007003,132,3808
66009004,66009004,132,3808
66022004,66022004,132,3808
66013016,66013016,132,3808
66014009,66014009,132,3808
66020004,66020004,132,3808
51001015,51001015,132,3810
66021006,66021006,132,3810
51004013,51004013,132,3810
40020021,40020021,132,3814
66011018,66011018,132,3814
66020004,66020004,132,3814
18042005,18042005,132,3815
27007014,27007014,132,3818
66011019,66011019,132,3818
27012015,27012015,132,3818
5034000,5034000,132,3818
66019011,66019011,132,3818
66009002,66009002,132,3818
66012016,66012016,132,3818
66008001,66008001,132,3818
66020012,66020012,132,3818
66011019,66011019,132,3818
66015005,66015005,132,3818
1009009,1009009,132,3819
1009017,1009017,132,3819
40014037,40014037,132,3819
42017026,42017026,132,3819
66004010,66004010,132,3820
66005005,66005005,132,3820
66005008,66005008,132,3820
66005011,66005011,132,3820
66005014,66005014,132,3820
66007011,66007011,132,3820
66007014,66007014,132,3820
66011016,66011016,132,3821
5034000,5034000,132,3821
66014003,66014003,132,3821
66019004,66019004,132,3821
13024003,13024003,132,3821
13024005,13024005,132,3821
58008005,58008005,132,3821
66009023,66009023,132,3821
1009009,1009010,132,3822
1003024,1003024,132,3822
2025020,2025020,132,3822
26001006,26001006,132,3822
26010020,26010020,132,3822
40019007,40019007,132,3826
41010004,41010004,132,3826
24032008,24032014,132,3826
66005009,66005009,132,3826
66011015,66011015,132,3826
43001029,43001029,132,3827
43001038,43001038,132,3827
44008032,44008032,132,3827
60001019,60001019,132,3827
43021015,43021015,132,3827
9010005,9010005,132,3828
13025001,13025001,132,3828
13025003,13025003,132,3828
19092001,19092003,132,3828
19149003,19149003,132,3828
40006010,40006010,132,3828
40024008,40024008,132,3834
40024021,40024021,132,3834
41013019,41013019,132,3834
42021005,42021036,132,3834
20021031,20021031,132,3835
18039019,18039025,132,3835
38009010,38009010,132,3835
38010003,38010003,132,3835
5017016,5017016,132,3835
27007007,27007007,132,3835
66013001,66013001,132,3835
40024007,40024007,132,3837
3019036,3019036,132,3837
18003016,18003016,132,3837
27005027,27005027,132,3837
26004009,26004012,132,3837
40020002,40020013,132,3838
66012003,66012004,132,3839
40016018,40016018,132,3839
66001001,66001001,132,3839
14020009,14020009,132,3839
24021007,24021007,132,3839
66022010,66022010,132,3839
24044013,24044013,132,3839
26006011,26006011,132,3839
1009004,1009005,132,3840
3004007,3004007,132,3840
40024009,40024009,132,3840
66002010,66002010,132,3840
40012010,40012011,132,3840
40020004,40020004,132,3840
45012014,45012014,132,3841
23061002,23061002,132,3841
42004018,42004019,132,3841
42018001,42018008,132,3841
5032043,5032043,132,3841
5034000,5034000,132,3842
40024029,40024029,132,3842
66008005,66008005,132,3842
40011013,40011013,132,3842
40011019,40011019,132,3842
40016018,40016018,132,3842
58012026,58012026,132,3842
37002021,37002021,132,3842
38014004,38014005,132,3842
66002031,66002031,132,3843
44002020,44002020,132,3843
66002010,66002011,132,3843
66022004,66022004,132,3843
28010008,28010008,132,3844
42023030,42023030,132,3844
66003015,66003015,132,3844
66011015,66011015,132,3845
5034000,5034000,132,3845
40024031,40024031,132,3848
27007002,27007002,132,3848
66008008,66008008,132,3848
66011004,66011004,132,3848
24049036,24049036,132,3848
66013018,66013018,132,3850
66014001,66014001,132,3850
11019018,11019018,132,3851
4031049,4031049,132,3851
66022000,66022000,132,3851
5029018,5029026,132,3852
11012028,11012030,132,3852
28004017,28004017,132,3852
3023040,3023040,132,3853
5034000,5034000,132,3853
66014004,66014004,132,3853
3023039,3023039,132,3853
5034000,5034000,132,3853
66007014,66007014,132,3853
5012011,5012011,132,3853
66006011,66006011,132,3853
3011025,3011025,132,3854
4008021,4008021,132,3854
45004004,45004004,132,3854
45011006,45011006,132,3854
40024021,40024021,132,3854
2019006,2019006,132,3855
60002009,60002009,132,3855
66001006,66001006,132,3855
66004005,66004006,132,3856
44021040,44021040,132,3859
4010009,4010009,132,3860
7003027,7003027,132,3860
7006034,7006034,132,3860
7007008,7007008,132,3860
7007018,7007018,132,3860
9013003,9013003,132,3860
66001014,66001016,132,3860
66002001,66002001,132,3860
66006009,66006009,132,3860
66015001,66015001,132,3860
66001004,66001004,132,3860
42001019,42001019,132,3860
2030006,2030006,132,3861
2040005,2040005,132,3861
2040026,2040026,132,3861
66010005,66010005,132,3862
66010008,66010008,132,3862
66002030,66002030,132,3863
2009023,2009025,132,3863
66001019,66001019,132,3863
2007020,2007021,132,3864
19078044,19078044,132,3864
66022029,66022029,132,3864
28004003,28004003,132,3864
23002016,23002016,132,3864
2007020,2007021,132,3865
19078044,19078044,132,3865
19105029,19105029,132,3865
42021025,42021025,132,3867
66006012,66006012,132,3867
5028049,5028049,132,3868
24004013,24004013,132,3868
35001008,35001008,132,3868
1001002,1001002,132,3871
1007011,1007011,132,3871
1008002,1008002,132,3871
1049025,1049025,132,3871
5033013,5033013,132,3871
5008007,5008007,132,3871
20008028,20008028,132,3871
20008024,20008024,132,3871
42008031,42008031,132,3871
45010007,45010007,132,3871
66009001,66009002,132,3871
66011007,66011007,132,3871
66017008,66017008,132,3871
66011007,66011007,132,3871
66017008,66017008,132,3871
2010012,2010012,132,3872
20030027,20030027,132,3872
61002004,61002004,132,3873
2034010,2034010,132,3873
66006008,66006008,132,3873
2008011,2008011,132,3873
66009006,66009006,132,3873
5011024,5011024,132,3879
6001003,6001003,132,3879
60005008,60005008,132,3880
66006019,66006019,132,3880
5034000,5034000,132,3880
66014002,66014002,132,3880
66019006,66019006,132,3880
66004005,66004005,132,3880
66008005,66008005,132,3880
66011019,66011019,132,3880
66016018,66016018,132,3880
66006011,66006011,132,3881
30003007,30003007,132,3882
42012052,42012053,132,3884
58001008,58001008,132,3887
66002027,66002027,132,3887
66012005,66012005,132,3887
66019015,66019015,132,3887
66012001,66012001,132,3887
66013005,66013005,132,3887
66012001,66012001,132,3887
66011003,66011003,132,3887
66012006,66012006,132,3887
66012007,66012007,132,3887
66012149,66012149,132,3887
27009027,27009027,132,3887
11017019,11017019,132,3888
66004005,66004005,132,3888
40017010,40017013,132,3888
40011014,40011014,132,3888
42001017,42001017,132,3888
12002011,12002011,132,3888
42009030,42009031,132,3888
1005024,1005024,132,3888
66016018,66016018,132,3892
66015007,66015007,132,3894
66019011,66019017,132,3894
66020004,66020004,132,3895
66004001,66004001,132,3895
66011019,66011019,132,3895
66015004,66015004,132,3895
45009004,45009004,132,3895
66015005,66015005,132,3895
2019006,2019006,132,3895
60002009,60002009,132,3895
23026017,23026017,132,3898
5034000,5034000,132,3898
66007003,66007003,132,3898
66011001,66011001,132,3898
66014001,66014001,132,3898
66014004,66014004,132,3898
66005006,66005006,132,3899
27010013,27010013,132,3901
27010021,27010021,132,3901
18001006,18001006,132,3902
49006012,49006012,132,3902
4022022,4022022,132,3902
4022032,4022032,132,3902
9029004,9029004,132,3902
10019022,10019022,132,3902
27009027,27009027,132,3904
33001016,33001016,132,3905
24049016,24049016,132,3905
40024005,40024005,132,3908
66006001,66006002,132,3908
27007007,27007007,132,3908
27007010,27007010,132,3908
66016013,66016013,132,3912
11018024,11018024,132,3912
53002011,53002011,132,3912
43006063,43006063,132,3913
51001015,51001015,132,3913
5034000,5034000,132,3915
66022000,66022000,132,3918
66007003,66007008,132,3918
66007003,66007003,132,3918
66013017,66013017,132,3918
3023010,3023010,132,3918
66007009,66007009,132,3918
45004016,45004016,132,3919
44002038,44002038,132,3919
44017024,44017031,132,3919
19075008,19075008,132,3921
19060003,19060003,132,3921
23051017,23051023,132,3921
66018006,66018006,132,3921
40027034,40027034,132,3921
41015023,41015023,132,3921
66009005,66009005,132,3922
66020010,66020010,132,3922
66018008,66018008,132,3922
66019021,66019021,132,3922
40013030,40013030,132,3924
46009024,46009024,132,3925
23034006,23034008,132,3925
66019015,66019015,132,3925
66003006,66003006,132,3925
66003016,66003016,132,3925
66003013,66003014,132,3925
36003008,36003008,132,3925
23034001,23034001,132,3925
23034008,23034008,132,3925
66006009,66006009,132,3928
5032001,5032043,132,3929
66008002,66008002,132,3931
66008003,66008003,132,3931
23011016,23011016,132,3931
66008008,66008008,132,3934
2007017,2007021,132,3935
66006009,66006009,132,3936
45012020,45012020,132,3936
66008012,66008012,132,3937
42021025,42021025,132,3937
39004001,39004001,132,3937
23024006,23024006,132,3937
23042025,23042025,132,3937
66014007,66014007,132,3937
2010021,2010023,132,3940
41013024,41013024,132,3940
66002031,66002031,132,3940
44002020,44002020,132,3940
66009002,66009002,132,3940
52005004,52005004,132,3942
52004016,52004016,132,3942
7005019,7005019,132,3943
12023029,12023029,132,3943
66019019,66019019,132,3943
66019011,66019021,132,3943
66014017,66014020,132,3943
2009018,2009026,132,3946
66019005,66019005,132,3949
66014008,66014008,132,3949
66016019,66016019,132,3949
66012001,66012001,132,3950
66013001,66013001,132,3950
66001001,66001001,132,3951
66013001,66013001,132,3953
66013003,66013003,132,3953
66019019,66019021,132,3956
38005005,38005011,132,3961
23047011,23047011,132,3964
24051029,24051029,132,3964
66005013,66005013,132,3964
23013006,23013006,132,3964
23013010,23013010,132,3964
66006012,66006012,132,3964
24050004,24050004,132,3964
2007011,2007017,132,3974
5018010,5018010,132,3974
12009022,12009022,132,3974
23047009,23047009,132,3974
24027009,24027009,132,3974
27002002,27002002,132,3974
33005012,33005012,132,3974
34003004,34003004,132,3974
40023035,40023035,132,3975
19104035,19104035,132,3978
66022045,66022045,132,3978
66022001,66022001,132,3978
66022001,66022001,132,3978
66022018,66022018,132,3978
66022019,66022019,132,3978
66022002,66022002,132,3978
66019001,66019001,132,3978
66019003,66019004,132,3978
66019006,66019006,132,3978
43003028,43003030,132,3979
43002001,43002011,132,3979
24031022,24031022,132,3979
26016008,26016014,132,3979
28002006,28002013,132,3979
5024001,5024004,132,3979
24003001,24003001,132,3979
28003003,28003003,132,3979
66003014,66003014,132,3979
24002032,24002032,132,3979
40021001,40021009,132,3981
66006002,66006002,132,3981
66004001,66004001,132,3981
66022001,66022006,132,3981
66014017,66014020,132,3981
23063002,23063002,132,3981
66012007,66012009,132,3982
66022011,66022022,132,3983
66020009,66020009,132,3983
12019035,12019035,132,3985
66020010,66020010,132,3996
46015023,46015023,132,3994
66022005,66022005,132,3991
66022000,66022000,132,3990
5034000,5034000,132,3990
66007007,66007007,132,3990
66007005,66007005,132,3990
66020012,66020012,132,3989
43005029,43005029,132,3989
42014014,42014014,132,3989
66007022,66007022,132,3989
1003014,1003019,132,3989
42004002,42004013,132,3988
40004001,40004011,132,3988
56002003,56002003,132,3988
55003003,55003003,132,3988
54003011,54003011,132,3988
66012003,66012003,132,3988
1003001,1003005,132,3988
61003007,61003007,132,4000
61003010,61003010,132,4000
66022017,66022017,132,4000
61003005,61003005,132,4001
1001002,1001002,132,4001
58011009,58011009,132,4003
58011010,58011010,132,4005
48004024,48004026,132,4005
58012018,58012022,132,4005
66022002,66022002,132,4005
58013012,58013012,132,4005
66022031,66022034,132,4005
1001014,1001014,132,4007
50002015,50002015,132,4007
66021023,66021023,132,4007
50004005,50004005,132,4007
66021023,66021023,132,4007
66004003,66004003,132,4007
61003010,61003010,132,4010
2028017,2028017,132,4012
2039010,2039010,132,4012
26028013,26028013,132,4012
2025007,2025007,132,4012
2035009,2035009,132,4012
66009017,66009017,132,4012
66009017,66009017,132,4012
2025008,2025008,132,4013
10007013,10007013,132,4013
12002059,12002059,132,4013
15006003,15006003,132,4013
53002004,53002004,132,4013
66011001,66011001,132,4013
66021003,66021004,132,4014
66001008,66001008,132,4024
46015024,46015024,132,4020
44012010,44012010,132,4019
44009011,44009011,132,4019
42014021,42014021,132,4019
40006002,40006002,132,4019
40006005,40006005,132,4019
66022012,66022012,132,4019
66022007,66022007,132,4019
14004002,14004006,132,4018
2030018,2030018,132,4018
