id,tekst,vid,WoordVan,WoordTot,WoordVan_v,WoordTot_v
1,K/Q,6005001,37,38,37,38
2,K/Q,6004018,3,4,3,4
3,K/Q,6003016,15,16,15,16
4,K/Q,6003004,6,8,6,8
5,K/Q,6002013,16,17,16,17
6,K/Q,5033009,21,22,21,22
7,K/Q,5033002,25,25,25,26
8,K/Q,5032013,4,4,4,4
9,K/Q,5029022,26,27,26,27
10,K/Q,5028030,6,7,6,7
11,K/Q,5028027,7,10,7,10
12,K/Q,5027010,11,12,11,12
13,K/Q,5022029,11,12,11,12
14,K/Q,5022028,4,4,4,4
15,K/Q,5022027,8,9,8,9
16,K/Q,5022026,9,11,9,11
17,K/Q,5022026,1,4,1,4
18,K/Q,5022025,10,11,10,11
19,K/Q,5022024,22,23,22,23
20,K/Q,5022023,3,3,3,3
21,K/Q,5022021,4,5,4,5
22,K/Q,5022020,12,14,12,14
23,K/Q,5022016,4,5,4,5
24,K/Q,5022015,13,14,13,14
25,K/Q,5022015,4,5,4,5
26,K/Q,5021007,8,8,8,8
27,K/Q,5013016,7,8,7,8
28,K/Q,5008002,34,35,34,35
29,K/Q,5007009,26,27,26,27
30,K/Q,5005010,12,13,12,13
31,K/Q,5002033,16,17,16,17
32,K/Q,4034004,15,16,14,15
33,K/Q,4032007,3,3,3,3
34,K/Q,4026009,13,13,13,13
35,K/Q,4023013,6,6,6,6
36,K/Q,4021032,12,13,12,13
37,K/Q,4016011,16,16,16,16
38,K/Q,4014036,14,15,14,15
39,K/Q,4012003,5,5,5,5
40,K/Q,4001016,2,2,2,2
41,K/Q,3025030,20,20,20,21
42,K/Q,3023013,16,18,16,18
43,K/Q,3021005,2,2,2,2
44,K/Q,3016021,6,7,6,7
45,K/Q,3011021,15,15,15,16
46,K/Q,3009022,5,6,5,6
47,K/Q,2039033,20,21,20,21
48,K/Q,2039004,8,9,8,9
49,K/Q,2037008,23,24,23,24
50,K/Q,2035011,19,20,19,20
51,K/Q,2032019,22,24,22,24
52,K/Q,2032017,8,10,8,10
53,K/Q,2028028,6,8,6,8
54,K/Q,2027011,12,14,12,14
55,K/Q,2022026,3,4,3,4
56,K/Q,2022004,10,11,10,11
57,K/Q,2021008,8,8,8,9
58,K/Q,2016007,20,20,20,20
59,K/Q,2016002,1,2,1,2
60,K/Q,2004002,6,7,6,7
61,K/Q,1049011,24,25,24,25
62,K/Q,1049011,5,6,5,6
63,K/Q,1049010,15,15,15,15
64,K/Q,1043028,15,16,15,16
65,K/Q,1039020,16,16,16,16
66,K/Q,1036014,17,17,17,17
67,K/Q,1036005,5,5,5,5
68,K/Q,1035021,6,7,6,7
69,K/Q,1033004,13,14,13,14
70,K/Q,1030011,4,5,4,5
71,K/Q,1027029,4,5,4,5
72,K/Q,1027003,20,20,20,20
73,K/Q,1025023,7,7,7,7
74,K/Q,1024033,1,2,1,2
75,K/Q,1014008,13,13,13,13
76,K/Q,1014002,18,18,18,18
77,K/Q,1013003,18,19,17,18
78,K/Q,1012008,14,15,13,14
79,K/Q,1009021,12,13,12,13
80,K/Q,1008017,27,27,27,27
81,K/Q,6006005,9,11,9,11
82,K/Q,6006007,1,2,1,2
83,K/Q,6006009,9,9,9,9
84,K/Q,6006013,35,35,35,35
85,K/Q,6007021,1,2,1,2
86,K/Q,6008011,28,29,28,29
87,K/Q,6008016,7,9,7,9
88,K/Q,6009007,1,2,1,2
89,K/Q,6009007,16,16,16,16
90,K/Q,6015004,8,9,8,9
91,K/Q,6015047,19,20,19,20
92,K/Q,6015053,1,2,1,2
93,K/Q,6015063,8,8,8,8
94,K/Q,6016003,18,19,17,18
95,K/Q,6018012,28,29,28,29
96,K/Q,6018014,20,21,19,20
97,K/Q,6018019,10,13,9,11
98,K/Q,6018024,3,4,3,4
99,K/Q,6019022,7,8,7,8
100,K/Q,6019029,17,18,17,18
101,K/Q,6020008,31,31,31,31
102,K/Q,6021027,19,19,19,19
103,K/Q,6022007,21,22,21,22
104,K/Q,6024003,20,21,20,21
105,K/Q,6024008,1,2,1,2
106,K/Q,6024015,27,28,27,28
107,K/Q,7001027,21,21,20,20
108,K/Q,7004011,19,20,19,20
109,K/Q,7006005,10,10,10,11
110,K/Q,7007013,19,19,19,19
111,K/Q,7007021,17,18,17,18
112,K/Q,7009008,15,15,15,15
113,K/Q,7009012,10,10,10,10
114,K/Q,7011037,31,33,31,33
115,K/Q,7013017,12,13,12,13
116,K/Q,7016018,26,27,26,27
117,K/Q,7016021,26,27,26,27
118,K/Q,7016025,3,4,3,4
119,K/Q,7016025,22,23,22,23
120,K/Q,7016026,15,17,15,17
121,K/Q,7017002,15,16,15,16
122,K/Q,7019003,14,16,14,16
123,K/Q,7019013,6,6,6,6
124,K/Q,7019021,7,8,7,8
125,K/Q,7019025,40,41,40,41
126,K/Q,7020013,24,25,24,24
127,K/Q,7021020,1,2,1,2
128,K/Q,7021022,10,11,10,11
129,K/Q,8001008,15,15,15,15
130,K/Q,8002001,4,4,4,4
131,K/Q,8003003,7,8,7,8
132,K/Q,8003003,11,12,11,12
133,K/Q,8003004,20,21,20,21
134,K/Q,8003012,5,6,5,5
135,K/Q,8003014,3,4,3,4
136,K/Q,8003014,10,11,10,11
137,K/Q,8004004,28,29,28,29
138,K/Q,8004005,22,22,22,22
139,K/Q,8004006,7,8,7,8
140,K/Q,9002003,15,16,15,17
141,K/Q,9002009,2,3,2,3
142,K/Q,9002010,3,6,3,6
143,K/Q,9002016,25,26,25,25
144,K/Q,9003002,14,16,14,16
145,K/Q,9003018,21,23,21,23
146,K/Q,9004013,10,10,10,10
147,K/Q,9005006,15,17,15,17
148,K/Q,9005009,32,32,32,32
149,K/Q,9005012,8,10,8,10
150,K/Q,9006004,16,16,16,16
151,K/Q,9006005,4,5,4,5
152,K/Q,9007009,7,8,7,9
153,K/Q,9008003,6,8,6,8
154,K/Q,9009001,4,6,4,5
155,K/Q,9009026,14,15,14,15
156,K/Q,9010007,4,4,4,4
157,K/Q,9010021,6,8,6,8
158,K/Q,9011006,7,9,7,9
159,K/Q,9011009,19,20,19,20
160,K/Q,9012010,5,6,5,6
161,K/Q,9013008,1,2,1,2
162,K/Q,9013019,10,10,10,10
163,K/Q,9014027,37,38,37,38
164,K/Q,9014032,1,2,1,2
165,K/Q,9014032,6,6,6,7
166,K/Q,9015016,19,20,19,20
167,K/Q,9017007,1,2,1,2
168,K/Q,9017023,19,20,19,20
169,K/Q,9018001,17,18,17,19
170,K/Q,9018006,22,23,22,23
171,K/Q,9018007,11,13,11,13
172,K/Q,9018009,4,4,4,4
173,K/Q,9018014,6,7,6,7
174,K/Q,9018022,5,6,5,6
175,K/Q,9019018,30,31,30,31
176,K/Q,9019019,9,10,9,10
177,K/Q,9019022,28,29,28,29
178,K/Q,9019023,5,5,5,5
179,K/Q,9019023,25,26,25,26
180,K/Q,9020001,4,5,4,5
181,K/Q,9020002,9,11,9,10
182,K/Q,9020024,15,15,15,15
183,K/Q,9020038,16,17,16,17
184,K/Q,9021012,26,28,26,28
185,K/Q,9021012,31,33,31,33
186,K/Q,9021014,15,16,15,16
187,K/Q,9022013,3,4,3,4
188,K/Q,9022015,4,5,4,5
189,K/Q,9022017,33,34,33,34
190,K/Q,9022018,5,6,5,6
191,K/Q,9022018,16,16,16,16
192,K/Q,9022022,14,14,14,14
193,K/Q,9023005,4,6,4,6
194,K/Q,9024005,19,20,19,20
195,K/Q,9024009,8,10,8,10
196,K/Q,9024019,1,2,1,2
197,K/Q,9025003,28,30,28,28
198,K/Q,9025018,3,3,3,3
199,K/Q,9025018,15,15,15,15
200,K/Q,9025034,17,18,17,18
201,K/Q,9026005,40,41,40,41
202,K/Q,9026007,25,26,25,26
203,K/Q,9026007,33,34,33,34
204,K/Q,9026011,21,22,21,22
205,K/Q,9026016,37,38,37,38
206,K/Q,9026022,7,8,7,7
207,K/Q,9027004,11,11,11,11
208,K/Q,9027008,12,14,12,14
209,K/Q,9028008,24,24,24,24
210,K/Q,9029005,21,23,21,23
211,K/Q,9030006,21,22,21,22
212,K/Q,10001008,7,8,7,8
213,K/Q,10001011,4,6,4,6
214,K/Q,10001016,6,7,6,7
215,K/Q,10002023,28,29,28,29
216,K/Q,10003002,1,2,1,2
217,K/Q,10003003,5,6,5,6
218,K/Q,10003012,7,8,7,8
219,K/Q,10003015,15,15,14,14
220,K/Q,10003025,19,20,19,20
221,K/Q,10005002,12,16,12,17
222,K/Q,10005008,25,25,25,25
223,K/Q,10005024,3,5,3,5
224,K/Q,10010009,21,22,21,21
225,K/Q,10011024,1,4,1,4
226,K/Q,10012009,10,12,10,12
227,K/Q,10012020,13,14,13,14
228,K/Q,10012022,15,16,15,17
229,K/Q,10012024,20,21,19,20
230,K/Q,10012031,28,30,28,30
231,K/Q,10013008,16,17,16,17
232,K/Q,10013034,11,12,11,12
233,K/Q,10013037,9,9,9,9
234,K/Q,10014007,41,41,41,41
235,K/Q,10014011,11,12,11,12
236,K/Q,10014022,39,40,39,40
237,K/Q,10014030,18,20,18,20
238,K/Q,10015008,16,16,16,16
239,K/Q,10015020,7,8,7,8
240,K/Q,10015028,4,5,4,5
241,K/Q,10016002,22,25,22,24
242,K/Q,10016008,11,12,11,12
243,K/Q,10016010,13,13,13,13
244,K/Q,10016010,15,16,15,15
245,K/Q,10016012,4,6,4,6
246,K/Q,10016018,20,20,20,21
247,K/Q,10017012,5,6,5,6
248,K/Q,10018003,41,42,41,42
249,K/Q,10018008,6,6,6,6
250,K/Q,10018012,7,8,7,8
251,K/Q,10018013,3,5,3,5
252,K/Q,10018017,30,32,30,32
253,K/Q,10018018,8,10,8,10
254,K/Q,10018020,27,28,27,28
255,K/Q,10019007,28,28,28,28
256,K/Q,10019019,16,18,16,18
257,K/Q,10019032,19,20,19,20
258,K/Q,10019041,16,17,16,16
259,K/Q,10020005,8,9,8,9
260,K/Q,10020008,23,25,23,25
261,K/Q,10020014,15,16,15,16
262,K/Q,10020023,13,14,13,14
263,K/Q,10020025,1,2,1,2
264,K/Q,10021004,8,9,8,9
265,K/Q,10021006,1,1,1,1
266,K/Q,10021009,19,19,19,20
267,K/Q,10021009,21,22,22,23
268,K/Q,10021009,30,30,31,32
269,K/Q,10021012,29,33,28,31
270,K/Q,10021016,1,2,1,2
271,K/Q,10021020,10,10,10,10
272,K/Q,10021021,10,10,10,10
273,K/Q,10022008,1,2,1,2
274,K/Q,10022015,8,10,8,9
275,K/Q,10022023,3,4,3,4
276,K/Q,10022033,9,10,9,10
277,K/Q,10022034,2,3,2,3
278,K/Q,10022051,1,1,1,1
279,K/Q,10023008,18,20,18,19
280,K/Q,10023008,27,27,26,26
281,K/Q,10023009,1,3,1,3
282,K/Q,10023009,6,6,6,6
283,K/Q,10023009,11,11,11,12
284,K/Q,10023013,3,3,3,3
285,K/Q,10023018,9,10,9,10
286,K/Q,10023020,7,7,7,7
287,K/Q,10023020,24,25,24,25
288,K/Q,10023021,7,7,7,7
289,K/Q,10023035,1,1,1,1
290,K/Q,10023037,7,7,7,7
291,K/Q,10024014,17,18,17,18
292,K/Q,10024016,38,39,38,39
293,K/Q,10024018,22,22,22,22
294,K/Q,10024022,15,17,15,17
295,K/Q,11001027,17,18,17,18
296,K/Q,11001037,11,11,11,11
297,K/Q,11001047,18,19,18,18
298,K/Q,11002024,8,10,8,10
299,K/Q,11004007,25,25,25,26
300,K/Q,11005017,32,33,32,33
301,K/Q,11006005,7,7,7,7
302,K/Q,11006006,1,2,1,2
303,K/Q,11006010,4,5,4,5
304,K/Q,11006016,6,7,6,7
305,K/Q,11006021,13,14,13,14
306,K/Q,11006038,26,27,26,27
307,K/Q,11007020,18,18,18,19
308,K/Q,11007023,26,27,26,27
309,K/Q,11007036,10,12,10,11
310,K/Q,11007045,18,19,18,19
311,K/Q,11008026,7,8,7,8
312,K/Q,11008048,42,42,42,42
313,K/Q,11009009,23,24,23,24
314,K/Q,11009018,6,6,6,6
315,K/Q,11010005,11,12,11,12
316,K/Q,11012003,7,8,7,8
317,K/Q,11012007,1,2,1,2
318,K/Q,11012012,1,2,1,2
319,K/Q,11012021,1,2,1,2
320,K/Q,11012033,25,27,24,26
321,K/Q,11014002,15,15,15,15
322,K/Q,11014025,13,13,13,13
323,K/Q,11015015,7,9,7,8
324,K/Q,11015018,21,21,21,22
325,K/Q,11016019,2,3,2,3
326,K/Q,11016026,9,12,9,12
327,K/Q,11016034,17,19,17,19
328,K/Q,11017014,20,20,20,20
329,K/Q,11017015,10,12,10,12
330,K/Q,11018036,32,35,32,35
331,K/Q,11018042,24,25,24,25
332,K/Q,11019004,15,15,15,15
333,K/Q,11020041,8,9,8,9
334,K/Q,11021008,14,15,14,14
335,K/Q,11021021,3,3,3,3
336,K/Q,11021029,17,17,17,17
337,K/Q,11022013,27,28,27,28
338,K/Q,11022049,2,2,2,2
339,K/Q,11022049,15,15,15,15
340,K/Q,12002016,37,38,37,38
341,K/Q,12003024,18,19,18,19
342,K/Q,12004002,15,16,15,16
343,K/Q,12004003,14,15,14,15
344,K/Q,12004005,22,22,22,22
345,K/Q,12004007,19,20,19,20
346,K/Q,12004007,23,24,23,25
347,K/Q,12004016,12,12,12,12
348,K/Q,12004023,4,5,4,5
349,K/Q,12004034,25,26,25,26
350,K/Q,12005009,4,6,4,6
351,K/Q,12005012,4,4,4,4
352,K/Q,12005018,35,36,35,35
353,K/Q,12005025,14,15,14,15
354,K/Q,12006010,15,17,15,17
355,K/Q,12006025,23,23,23,23
356,K/Q,12007012,32,34,32,34
357,K/Q,12007013,26,27,26,26
358,K/Q,12007015,20,22,20,22
359,K/Q,12008001,17,17,17,17
360,K/Q,12008010,8,8,8,9
361,K/Q,12008017,12,12,12,12
362,K/Q,12009015,39,40,39,40
363,K/Q,12009025,5,5,5,6
364,K/Q,12009033,3,4,3,4
365,K/Q,12009037,1,2,1,2
366,K/Q,12010027,16,17,16,17
367,K/Q,12011001,5,6,5,5
368,K/Q,12011002,23,24,23,24
369,K/Q,12011004,13,14,13,14
370,K/Q,12011009,4,5,4,5
371,K/Q,12011010,7,8,7,8
372,K/Q,12011015,8,9,8,9
373,K/Q,12011018,14,15,14,15
374,K/Q,12011020,19,19,19,20
375,K/Q,12012010,21,22,21,22
376,K/Q,12012012,9,9,9,9
377,K/Q,12012012,13,14,13,14
378,K/Q,12013006,9,9,9,9
379,K/Q,12014002,22,22,22,22
380,K/Q,12014006,37,37,37,37
381,K/Q,12014007,7,7,7,7
382,K/Q,12014012,10,12,10,12
383,K/Q,12014013,17,18,16,17
384,K/Q,12015025,18,18,18,19
385,K/Q,12016006,21,22,21,22
386,K/Q,12016015,1,3,1,2
387,K/Q,12016017,16,17,16,16
388,K/Q,12016018,3,3,3,3
389,K/Q,12017013,12,13,12,12
390,K/Q,12017016,14,14,14,14
391,K/Q,12017021,14,15,14,15
392,K/Q,12017031,23,24,23,24
393,K/Q,12018027,38,39,37,38
394,K/Q,12018027,44,45,43,45
395,K/Q,12019023,9,10,9,10
396,K/Q,12019023,30,31,30,31
397,K/Q,12020004,6,7,6,6
398,K/Q,12020013,12,13,12,13
399,K/Q,12020018,11,11,11,11
400,K/Q,12021012,17,18,17,18
401,K/Q,12022005,1,3,1,3
402,K/Q,12022005,11,12,11,11
403,K/Q,12023010,9,9,9,9
404,K/Q,12023033,11,12,11,12
405,K/Q,12023036,21,21,21,21
406,K/Q,12024010,6,6,6,6
407,K/Q,12024014,17,17,17,17
408,K/Q,12024015,22,22,22,22
409,K/Q,12024018,21,21,21,21
410,K/Q,12025017,19,19,19,19
411,K/Q,13001011,5,5,5,5
412,K/Q,13001046,22,22,22,22
413,K/Q,13001051,11,11,11,11
414,K/Q,13002016,1,3,1,3
415,K/Q,13002055,4,4,4,4
416,K/Q,13003024,4,4,4,4
417,K/Q,13004007,5,5,5,6
418,K/Q,13004020,9,10,8,9
419,K/Q,13004041,20,21,20,21
420,K/Q,13006011,2,3,2,2
421,K/Q,13006020,2,2,2,2
422,K/Q,13007001,8,8,8,8
423,K/Q,13007010,8,8,8,8
424,K/Q,13007031,9,9,9,9
425,K/Q,13007034,5,7,5,8
426,K/Q,13008025,3,4,3,4
427,K/Q,13009004,9,10,9,10
428,K/Q,13009033,13,13,13,13
429,K/Q,13009035,7,7,7,7
430,K/Q,13011011,13,14,13,14
431,K/Q,13011017,1,2,1,2
432,K/Q,13011020,20,21,20,22
433,K/Q,13011044,5,6,5,6
434,K/Q,13012003,11,12,11,12
435,K/Q,13012006,10,11,10,11
436,K/Q,13012016,18,19,18,19
437,K/Q,13012019,7,8,7,8
438,K/Q,13014001,3,3,3,3
439,K/Q,13014010,11,11,11,11
440,K/Q,13015024,17,17,17,17
441,K/Q,13018010,11,12,11,12
442,K/Q,13020005,11,11,11,11
443,K/Q,13022007,6,7,6,7
444,K/Q,13023009,3,3,3,3
445,K/Q,13024024,7,7,7,7
446,K/Q,13025001,17,18,17,18
447,K/Q,13026025,21,22,21,22
448,K/Q,13027012,11,13,11,14
449,K/Q,13027029,10,10,10,10
450,K/Q,13029016,23,23,23,23
451,K/Q,14003017,21,22,21,22
452,K/Q,14004011,17,17,17,17
453,K/Q,14005012,45,45,45,45
454,K/Q,14005013,5,7,5,7
455,K/Q,14007006,38,38,38,38
456,K/Q,14008010,4,5,4,5
457,K/Q,14008018,10,10,10,10
458,K/Q,14009010,4,4,4,4
459,K/Q,14009029,28,28,28,28
460,K/Q,14011018,9,9,9,9
461,K/Q,14013014,20,20,20,20
462,K/Q,14013019,27,27,26,26
463,K/Q,14017008,13,14,13,14
464,K/Q,14018008,11,11,11,11
465,K/Q,14018033,28,29,28,29
466,K/Q,14024025,11,12,11,12
467,K/Q,14024027,4,5,4,4
468,K/Q,14025017,18,18,18,18
469,K/Q,14026003,21,21,21,21
470,K/Q,14026007,10,11,10,11
471,K/Q,14026011,18,18,18,18
472,K/Q,14026021,14,15,14,15
473,K/Q,14029008,12,13,12,13
474,K/Q,14029013,6,7,6,7
475,K/Q,14029014,5,5,5,5
476,K/Q,14029028,13,13,13,13
477,K/Q,14031012,18,18,18,18
478,K/Q,14031013,24,24,24,24
479,K/Q,14032021,31,34,31,33
480,K/Q,14033016,1,2,1,2
481,K/Q,14034005,6,6,6,7
482,K/Q,14034006,12,15,12,14
483,K/Q,14034009,41,42,41,42
484,K/Q,14034022,15,15,15,15
485,K/Q,14034025,5,6,5,6
486,K/Q,14035003,6,7,6,7
487,K/Q,14035004,1,2,1,2
488,K/Q,14035009,1,2,1,2
489,K/Q,14036014,10,11,10,11
490,K/Q,14036017,7,7,7,7
491,K/Q,15002001,14,14,14,14
492,K/Q,15002046,4,4,4,4
493,K/Q,15002050,4,4,4,4
494,K/Q,15002050,6,6,6,6
495,K/Q,15003003,17,18,17,18
496,K/Q,15004002,24,25,24,26
497,K/Q,15004004,10,11,10,11
498,K/Q,15004007,11,12,11,12
499,K/Q,15004007,14,14,14,14
500,K/Q,15004009,17,17,17,17
501,K/Q,15004009,20,21,20,20
502,K/Q,15004011,11,12,11,12
503,K/Q,15004012,19,20,19,20
504,K/Q,15004012,22,24,22,24
505,K/Q,15004023,7,7,7,7
506,K/Q,15005001,4,4,4,4
507,K/Q,15005001,9,9,9,9
508,K/Q,15005002,23,23,23,23
509,K/Q,15005012,17,17,17,17
510,K/Q,15005015,5,5,5,5
511,K/Q,15006014,10,10,10,10
512,K/Q,15006017,18,19,18,19
513,K/Q,15007018,4,5,4,5
514,K/Q,15007018,8,9,8,9
515,K/Q,15007025,18,18,18,18
516,K/Q,15007026,25,26,25,26
517,K/Q,15008014,6,7,6,7
518,K/Q,15008017,1,2,1,2
519,K/Q,15008017,25,26,25,26
520,K/Q,15008025,1,2,1,2
521,K/Q,15010002,8,8,8,8
522,K/Q,15010012,11,13,11,13
523,K/Q,15010029,12,12,12,13
524,K/Q,15010035,3,3,3,3
525,K/Q,15010037,3,4,3,4
526,K/Q,15010043,8,8,8,8
527,K/Q,15010044,3,3,3,3
528,K/Q,16001001,9,9,9,9
529,K/Q,16001009,25,27,25,27
530,K/Q,16002013,25,26,24,25
531,K/Q,16003015,21,22,20,21
532,K/Q,16003020,7,7,7,7
533,K/Q,16003030,1,2,1,2
534,K/Q,16003031,1,2,1,2
535,K/Q,16004007,13,15,13,15
536,K/Q,16004009,19,20,19,20
537,K/Q,16005009,1,2,1,2
538,K/Q,16007003,1,2,1,2
539,K/Q,16007052,6,6,6,6
540,K/Q,16009006,7,7,7,7
541,K/Q,16009017,41,42,41,41
542,K/Q,16010020,3,3,3,3
543,K/Q,16011017,29,29,29,29
544,K/Q,16012009,3,4,3,4
545,K/Q,16012014,1,2,1,2
546,K/Q,16012016,1,2,1,2
547,K/Q,16012046,9,9,9,9
548,K/Q,16013023,13,14,13,14
549,K/Q,17001016,3,3,3,3
550,K/Q,17003004,3,5,3,5
551,K/Q,17004004,1,2,1,2
552,K/Q,17004007,25,27,25,27
553,K/Q,17008001,18,19,18,19
554,K/Q,17008007,33,35,33,35
555,K/Q,17008013,20,22,20,22
556,K/Q,17009015,3,4,3,4
557,K/Q,17009018,1,3,1,3
558,K/Q,17009019,5,6,5,6
559,K/Q,17009027,2,3,2,3
560,K/Q,17010001,5,5,5,5
561,K/Q,18001004,18,19,18,19
562,K/Q,18001010,3,3,3,3
563,K/Q,18001021,4,4,4,4
564,K/Q,18002007,20,20,20,21
565,K/Q,18005018,7,9,7,9
566,K/Q,18006002,6,8,6,8
567,K/Q,18006021,4,4,4,5
568,K/Q,18006029,6,7,6,7
569,K/Q,18007001,6,6,6,6
570,K/Q,18007005,5,6,5,6
571,K/Q,18009013,6,7,6,7
572,K/Q,18009030,3,3,3,4
573,K/Q,18010020,6,7,6,9
574,K/Q,18013015,4,4,4,5
575,K/Q,18014005,10,11,10,11
576,K/Q,18015015,2,4,2,4
577,K/Q,18015022,6,7,6,7
578,K/Q,18015031,3,5,3,5
579,K/Q,18016016,3,3,3,3
580,K/Q,18019029,13,14,13,14
581,K/Q,18020011,4,5,4,5
582,K/Q,18021013,1,1,1,1
583,K/Q,18021020,2,3,2,3
584,K/Q,18024001,7,9,7,9
585,K/Q,18024006,6,6,6,6
586,K/Q,18026012,7,10,7,10
587,K/Q,18026014,4,5,4,5
588,K/Q,18026014,15,16,15,16
589,K/Q,18027015,1,2,1,2
590,K/Q,18030011,2,3,2,3
591,K/Q,18030022,10,10,10,10
592,K/Q,18031011,2,2,2,2
593,K/Q,18031011,4,5,4,5
594,K/Q,18031020,5,6,5,6
595,K/Q,18033019,8,9,8,9
596,K/Q,18033021,6,7,6,7
597,K/Q,18033028,2,3,2,3
598,K/Q,18033028,9,11,9,11
599,K/Q,18037012,5,7,5,7
600,K/Q,18038001,6,8,6,8
601,K/Q,18038012,7,8,7,9
602,K/Q,18038041,9,10,9,10
603,K/Q,18039012,6,6,6,6
604,K/Q,18039026,8,9,8,9
605,K/Q,18039030,1,3,1,3
606,K/Q,18040006,6,7,6,7
607,K/Q,18040017,7,8,7,8
608,K/Q,18041004,1,1,1,2
609,K/Q,18042002,1,1,1,1
610,K/Q,18042010,5,5,5,5
611,K/Q,18042011,10,11,10,11
612,K/Q,18042016,10,11,10,11
613,K/Q,19005009,10,10,10,10
614,K/Q,19006004,6,7,6,7
615,K/Q,19009013,10,10,10,10
616,K/Q,19009019,8,8,8,8
617,K/Q,19010005,2,3,2,3
618,K/Q,19010010,1,2,1,1
619,K/Q,19010010,9,9,8,9
620,K/Q,19010012,9,9,9,9
621,K/Q,19011001,14,14,14,14
622,K/Q,19017011,4,5,4,5
623,K/Q,19017014,15,17,15,17
624,K/Q,19018051,1,1,1,1
625,K/Q,19024006,3,4,3,4
626,K/Q,19026002,7,7,7,7
627,K/Q,19030004,9,10,9,11
628,K/Q,19038021,9,10,9,10
629,K/Q,19039001,4,5,4,5
630,K/Q,19041003,7,7,7,8
631,K/Q,19042009,10,11,10,11
632,K/Q,19049015,18,20,18,20
633,K/Q,19051004,1,1,1,1
634,K/Q,19054007,1,1,1,1
635,K/Q,19055016,1,1,1,2
636,K/Q,19056007,2,2,2,2
637,K/Q,19058008,8,9,8,9
638,K/Q,19059011,2,3,2,3
639,K/Q,19059016,2,2,2,2
640,K/Q,19060007,8,10,8,10
641,K/Q,19066007,15,15,15,15
642,K/Q,19071012,11,11,11,11
643,K/Q,19071020,2,3,2,3
644,K/Q,19071020,9,10,9,10
645,K/Q,19072017,9,9,9,9
646,K/Q,19073002,5,5,5,5
647,K/Q,19073002,10,10,10,10
648,K/Q,19073010,2,2,2,2
649,K/Q,19073016,7,7,7,7
650,K/Q,19074006,1,2,1,2
651,K/Q,19074011,10,11,10,11
652,K/Q,19077001,5,5,5,5
653,K/Q,19077012,1,1,1,1
654,K/Q,19077020,6,8,6,8
655,K/Q,19079010,9,11,9,11
656,K/Q,19085002,6,6,6,6
657,K/Q,19089018,10,10,10,10
658,K/Q,19089029,3,3,3,3
659,K/Q,19090008,1,1,1,1
660,K/Q,19092016,10,10,10,10
661,K/Q,19100003,9,10,9,11
662,K/Q,19101005,1,1,1,1
663,K/Q,19102024,5,6,5,6
664,K/Q,19105018,5,6,5,6
665,K/Q,19105028,9,10,9,10
666,K/Q,19106045,11,12,11,12
667,K/Q,19119079,6,7,6,7
668,K/Q,19119147,7,9,7,9
669,K/Q,19119161,5,8,5,8
670,K/Q,19123004,13,15,13,15
671,K/Q,19126004,4,5,4,5
672,K/Q,19129003,7,9,7,9
673,K/Q,19139006,1,1,1,1
674,K/Q,19139016,15,16,15,17
675,K/Q,19140010,7,8,7,8
676,K/Q,19140011,1,1,1,1
677,K/Q,19140013,1,1,1,1
678,K/Q,19145006,6,8,6,8
679,K/Q,19147019,2,3,2,3
680,K/Q,19148002,9,10,9,10
681,K/Q,20001027,3,4,3,4
682,K/Q,20002007,1,2,1,1
683,K/Q,20002008,7,8,7,8
684,K/Q,20003015,3,4,3,4
685,K/Q,20003027,11,12,11,12
686,K/Q,20003028,3,5,3,5
687,K/Q,20003030,2,2,2,2
688,K/Q,20003034,7,9,7,9
689,K/Q,20004016,13,13,13,13
690,K/Q,20006013,2,4,2,4
691,K/Q,20006013,6,8,6,8
692,K/Q,20006014,10,10,10,10
693,K/Q,20006016,7,7,7,7
694,K/Q,20008017,2,3,2,3
695,K/Q,20008035,4,4,4,4
696,K/Q,20011003,8,10,8,9
697,K/Q,20012014,11,11,11,11
698,K/Q,20013020,1,1,1,1
699,K/Q,20013020,4,5,4,4
700,K/Q,20014021,8,8,8,8
701,K/Q,20015014,5,6,5,6
702,K/Q,20016019,5,5,5,5
703,K/Q,20016027,7,8,7,8
704,K/Q,20017013,6,6,6,6
705,K/Q,20017027,6,7,6,6
706,K/Q,20018017,7,7,7,8
707,K/Q,20018019,6,7,6,7
708,K/Q,20019007,15,15,15,16
709,K/Q,20019016,9,9,9,9
710,K/Q,20019019,1,1,1,1
711,K/Q,20020004,6,6,6,7
712,K/Q,20020016,9,9,9,9
713,K/Q,20020020,10,11,10,11
714,K/Q,20020021,2,2,2,2
715,K/Q,20020030,3,3,3,3
716,K/Q,20021019,8,8,8,8
717,K/Q,20021029,10,12,10,12
718,K/Q,20022003,4,5,4,5
719,K/Q,20022008,3,3,3,3
720,K/Q,20022011,2,2,2,2
721,K/Q,20022014,7,7,7,7
722,K/Q,20022020,6,6,6,6
723,K/Q,20022025,3,4,3,4
724,K/Q,20023003,2,2,2,2
725,K/Q,20023005,1,2,1,2
726,K/Q,20023005,18,19,18,18
727,K/Q,20023006,9,9,9,9
728,K/Q,20023024,1,2,1,2
729,K/Q,20023024,5,5,5,6
730,K/Q,20023024,7,8,8,8
731,K/Q,20023026,13,13,13,13
732,K/Q,20023029,9,9,9,9
733,K/Q,20023031,8,10,8,10
734,K/Q,20024001,8,8,8,8
735,K/Q,20024017,3,4,3,4
736,K/Q,20025024,8,8,8,8
737,K/Q,20026002,14,14,14,15
738,K/Q,20026021,10,10,10,10
739,K/Q,20026024,1,3,1,3
740,K/Q,20027010,3,4,3,4
741,K/Q,20027015,8,8,8,8
742,K/Q,20027020,2,3,2,3
743,K/Q,20027024,11,11,11,12
744,K/Q,20028008,6,8,6,7
745,K/Q,20028016,7,7,7,7
746,K/Q,20030010,5,6,5,6
747,K/Q,20030018,6,7,6,7
748,K/Q,20031004,15,15,15,15
749,K/Q,20031016,10,10,10,10
750,K/Q,20031018,8,10,8,10
751,K/Q,21004008,21,22,21,22
752,K/Q,21004017,2,3,2,3
753,K/Q,21005008,7,7,7,7
754,K/Q,21005010,16,16,16,16
755,K/Q,21006010,19,20,19,20
756,K/Q,21007022,10,10,10,10
757,K/Q,21009004,4,4,4,4
758,K/Q,21010003,6,9,6,8
759,K/Q,21010010,15,15,15,15
760,K/Q,21010020,26,27,26,26
761,K/Q,21012006,4,4,4,4
762,K/Q,22001017,5,6,5,6
763,K/Q,22002011,3,4,3,4
764,K/Q,22002013,13,13,13,14
765,K/Q,22004009,8,9,8,9
766,K/Q,23003015,1,3,1,3
767,K/Q,23003016,11,11,11,11
768,K/Q,23005029,7,8,7,7
769,K/Q,23009002,4,4,4,5
770,K/Q,23009006,1,2,1,2
771,K/Q,23010006,20,23,20,23
772,K/Q,23010013,18,20,18,20
773,K/Q,23010032,12,12,12,12
774,K/Q,23012005,6,6,6,6
775,K/Q,23013016,14,14,14,14
776,K/Q,23016003,1,1,1,1
777,K/Q,23018004,7,7,7,7
778,K/Q,23023012,13,13,13,13
779,K/Q,23023013,15,16,15,16
780,K/Q,23025010,18,19,18,18
781,K/Q,23026020,10,11,10,11
782,K/Q,23026020,19,19,19,19
783,K/Q,23028015,12,12,12,12
784,K/Q,23028015,15,15,15,15
785,K/Q,23029011,20,21,20,20
786,K/Q,23030032,22,23,22,23
787,K/Q,23030033,7,7,7,7
788,K/Q,23032007,11,11,11,11
789,K/Q,23032015,14,15,14,16
790,K/Q,23036012,36,37,35,36
791,K/Q,23036012,42,43,41,43
792,K/Q,23037030,30,31,30,31
793,K/Q,23039002,11,12,11,12
794,K/Q,23041023,17,18,17,18
795,K/Q,23042020,1,1,1,1
796,K/Q,23042024,3,4,3,4
797,K/Q,23044017,10,10,10,10
798,K/Q,23044024,23,25,23,25
799,K/Q,23045002,8,8,8,8
800,K/Q,23046011,9,10,9,10
801,K/Q,23047013,11,11,11,11
802,K/Q,23049005,20,20,20,21
803,K/Q,23049006,15,16,15,16
804,K/Q,23049013,6,6,6,7
805,K/Q,23052002,7,7,7,7
806,K/Q,23052005,3,5,3,5
807,K/Q,23052005,14,15,14,15
808,K/Q,23054016,1,1,1,1
809,K/Q,23055013,6,6,6,7
810,K/Q,23056010,1,1,1,2
811,K/Q,23057019,2,2,2,2
812,K/Q,23058014,9,9,9,9
813,K/Q,23060021,12,13,12,13
814,K/Q,23062003,8,9,8,9
815,K/Q,23063009,5,5,5,6
816,K/Q,23065004,16,17,16,17
817,K/Q,23065007,26,26,26,26
818,K/Q,23066017,10,10,10,10
819,K/Q,24001005,3,4,3,4
820,K/Q,24002003,6,7,6,7
821,K/Q,24002015,16,16,16,16
822,K/Q,24002016,4,5,4,5
823,K/Q,24002020,13,13,13,13
824,K/Q,24002024,6,7,6,7
825,K/Q,24002025,6,8,6,8
826,K/Q,24002027,13,14,13,14
827,K/Q,24002033,13,13,13,13
828,K/Q,24003002,10,10,10,10
829,K/Q,24003004,5,5,5,5
830,K/Q,24003005,10,10,10,10
831,K/Q,24003007,15,16,15,16
832,K/Q,24003019,24,24,24,24
833,K/Q,24003019,32,32,32,32
834,K/Q,24004005,10,11,10,10
835,K/Q,24004019,5,5,5,5
836,K/Q,24004019,19,19,19,19
837,K/Q,24004030,1,2,1,2
838,K/Q,24005007,4,4,4,4
839,K/Q,24005024,16,17,16,16
840,K/Q,24006007,3,3,3,3
841,K/Q,24006021,26,26,26,27
842,K/Q,24006025,2,2,2,2
843,K/Q,24006025,10,10,10,10
844,K/Q,24006029,3,5,3,5
845,K/Q,24007022,13,13,13,14
846,K/Q,24008001,8,9,8,8
847,K/Q,24008006,20,22,20,22
848,K/Q,24008007,11,12,11,12
849,K/Q,24009007,2,2,2,2
850,K/Q,24010013,15,15,15,16
851,K/Q,24010017,6,6,6,6
852,K/Q,24013016,28,28,28,29
853,K/Q,24013020,1,1,1,1
854,K/Q,24013020,4,5,4,5
855,K/Q,24014003,5,6,5,6
856,K/Q,24014014,29,32,29,32
857,K/Q,24015004,4,5,4,5
858,K/Q,24015008,4,5,4,5
859,K/Q,24015009,8,8,8,8
860,K/Q,24015011,5,6,5,6
861,K/Q,24015016,9,10,9,10
862,K/Q,24016016,4,5,4,5
863,K/Q,24017008,16,16,16,16
864,K/Q,24017010,12,14,12,14
865,K/Q,24017011,14,15,14,15
866,K/Q,24017013,8,9,8,10
867,K/Q,24017019,12,12,12,13
868,K/Q,24017023,17,17,17,17
869,K/Q,24017024,34,35,34,35
870,K/Q,24018003,6,8,6,8
871,K/Q,24018010,3,4,3,4
872,K/Q,24018016,7,7,7,7
873,K/Q,24018022,14,14,14,14
874,K/Q,24018023,28,29,28,29
875,K/Q,24019002,10,11,9,10
876,K/Q,24019015,9,9,9,9
877,K/Q,24021009,32,32,32,33
878,K/Q,24021012,32,33,32,33
879,K/Q,24022004,34,36,34,36
880,K/Q,24022006,23,23,23,23
881,K/Q,24022018,29,30,29,30
882,K/Q,24022023,1,1,1,1
883,K/Q,24022023,5,5,5,5
884,K/Q,24023018,16,17,16,17
885,K/Q,24024009,4,5,4,5
886,K/Q,24025007,9,10,9,10
887,K/Q,24025013,1,2,1,2
888,K/Q,24026006,14,15,14,15
889,K/Q,24026018,1,1,1,1
890,K/Q,24027020,12,12,12,12
891,K/Q,24028001,14,16,14,16
892,K/Q,24029014,10,11,10,11
893,K/Q,24029018,18,19,18,19
894,K/Q,24029023,26,27,26,27
895,K/Q,24031021,16,16,16,16
896,K/Q,24031039,4,4,4,4
897,K/Q,24031040,12,13,12,13
898,K/Q,24032001,10,12,10,12
899,K/Q,24032004,29,30,29,30
900,K/Q,24032023,13,16,13,16
901,K/Q,24032035,41,41,40,40
902,K/Q,24033008,14,15,14,15
903,K/Q,24033026,22,22,22,22
904,K/Q,24034011,17,19,17,19
905,K/Q,24034017,44,45,44,45
906,K/Q,24037004,16,17,16,17
907,K/Q,24037019,1,3,1,2
908,K/Q,24038002,28,28,28,29
909,K/Q,24038011,25,26,24,24
910,K/Q,24038016,15,16,15,15
911,K/Q,24039012,16,17,16,16
912,K/Q,24039016,19,19,18,18
913,K/Q,24040003,23,23,23,24
914,K/Q,24040008,23,23,23,23
915,K/Q,24040016,11,11,11,11
916,K/Q,24041017,7,8,7,7
917,K/Q,24042006,12,12,12,12
918,K/Q,24042020,2,3,2,2
919,K/Q,24043010,38,39,38,39
920,K/Q,24043011,1,2,1,2
921,K/Q,24046011,12,12,12,12
922,K/Q,24048004,5,6,5,6
923,K/Q,24048005,3,4,3,4
924,K/Q,24048007,17,17,17,17
925,K/Q,24048007,26,26,26,26
926,K/Q,24048018,4,4,4,5
927,K/Q,24048020,5,7,5,7
928,K/Q,24048021,15,15,15,15
929,K/Q,24048027,13,13,13,13
930,K/Q,24048044,1,2,1,2
931,K/Q,24049025,5,5,5,5
932,K/Q,24049028,9,9,9,9
933,K/Q,24049030,21,22,21,22
934,K/Q,24049036,31,31,31,31
935,K/Q,24049039,7,7,7,7
936,K/Q,24049039,9,9,9,9
937,K/Q,24050006,3,3,3,3
938,K/Q,24050006,11,11,11,12
939,K/Q,24050008,9,9,9,9
940,K/Q,24050011,2,2,2,2
941,K/Q,24050011,4,4,4,4
942,K/Q,24050011,9,9,9,9
943,K/Q,24050011,13,14,13,14
944,K/Q,24050015,9,10,9,10
945,K/Q,24050044,14,15,14,15
946,K/Q,24051003,2,3,2,2
947,K/Q,24051009,1,1,1,1
948,K/Q,24051013,1,1,1,1
949,K/Q,24051034,1,4,1,4
950,K/Q,24051034,8,9,8,9
951,K/Q,24051034,12,13,12,13
952,K/Q,24051034,23,24,23,24
953,K/Q,24052001,21,21,21,21
954,K/Q,24052011,21,22,21,21
955,K/Q,24052021,7,7,7,7
956,K/Q,24052031,44,45,43,44
957,K/Q,24052032,15,15,15,16
958,K/Q,25001006,3,4,3,4
959,K/Q,25001011,8,9,8,9
960,K/Q,25001018,11,11,11,12
961,K/Q,25002002,3,3,3,4
962,K/Q,25002014,17,18,17,18
963,K/Q,25002019,3,5,3,5
964,K/Q,25003010,6,6,6,6
965,K/Q,25003020,3,4,3,4
966,K/Q,25003025,3,5,3,5
967,K/Q,25003032,8,9,8,9
968,K/Q,25003039,7,8,7,8
969,K/Q,25004003,2,2,2,2
970,K/Q,25004003,13,14,13,15
971,K/Q,25004012,5,6,5,5
972,K/Q,25004016,14,14,14,15
973,K/Q,25004017,1,2,1,2
974,K/Q,25004021,6,6,6,6
975,K/Q,25005001,7,7,7,7
976,K/Q,25005003,3,3,3,4
977,K/Q,25005005,6,6,6,7
978,K/Q,25005007,4,6,4,8
979,K/Q,25005021,6,7,6,7
980,K/Q,26001008,1,3,1,2
981,K/Q,26003015,13,14,12,13
982,K/Q,26003020,30,31,30,31
983,K/Q,26004006,10,11,10,11
984,K/Q,26004015,10,10,10,10
985,K/Q,26006003,23,26,23,26
986,K/Q,26007002,17,17,17,17
987,K/Q,26007021,17,19,17,19
988,K/Q,26008006,10,11,10,11
989,K/Q,26009004,4,5,4,5
990,K/Q,26009005,16,16,16,16
991,K/Q,26009005,18,19,18,19
992,K/Q,26009011,19,21,19,21
993,K/Q,26012014,6,7,6,7
994,K/Q,26014004,44,45,44,44
995,K/Q,26014014,12,12,12,12
996,K/Q,26014020,3,3,3,3
997,K/Q,26016013,9,9,9,9
998,K/Q,26016013,19,19,19,19
999,K/Q,26016018,16,16,16,16
1000,K/Q,26016020,23,25,23,25
1001,K/Q,26016022,10,10,10,10
1002,K/Q,26016025,24,25,24,25
1003,K/Q,26016031,13,13,13,13
1004,K/Q,26016031,19,19,19,19
1005,K/Q,26016043,4,4,4,4
1006,K/Q,26016043,30,30,30,30
1007,K/Q,26016047,11,11,11,11
1008,K/Q,26016051,19,20,19,20
1009,K/Q,26016051,26,26,26,26
1010,K/Q,26016053,7,7,7,7
1011,K/Q,26016053,14,14,14,14
1012,K/Q,26016053,19,20,19,20
1013,K/Q,26016059,6,7,6,7
1014,K/Q,26017021,4,5,4,5
1015,K/Q,26018020,30,30,30,31
1016,K/Q,26018021,8,9,8,9
1017,K/Q,26018024,23,24,23,24
1018,K/Q,26018028,3,4,3,4
1019,K/Q,26021028,5,6,5,6
1020,K/Q,26022018,8,9,8,9
1021,K/Q,26023014,14,14,14,14
1022,K/Q,26023016,1,2,1,2
1023,K/Q,26023042,14,14,14,14
1024,K/Q,26023043,7,8,7,8
1025,K/Q,26024002,3,3,3,3
1026,K/Q,26025007,13,14,13,14
1027,K/Q,26025009,23,24,21,22
1028,K/Q,26027003,5,6,5,6
1029,K/Q,26027006,15,15,15,15
1030,K/Q,26027015,12,13,12,13
1031,K/Q,26028003,4,5,4,5
1032,K/Q,26029004,3,3,3,3
1033,K/Q,26029007,6,8,6,8
1034,K/Q,26030016,7,7,7,7
1035,K/Q,26031005,17,18,17,18
1036,K/Q,26031018,32,33,32,33
1037,K/Q,26032031,9,10,9,10
1038,K/Q,26032032,4,5,4,5
1039,K/Q,26032032,20,21,20,21
1040,K/Q,26033013,19,20,19,20
1041,K/Q,26033016,2,3,2,3
1042,K/Q,26035009,9,9,9,9
1043,K/Q,26035012,18,18,18,18
1044,K/Q,26036013,11,11,11,11
1045,K/Q,26036013,14,15,14,15
1046,K/Q,26036014,6,8,6,8
1047,K/Q,26036014,10,10,10,10
1048,K/Q,26036015,16,18,16,18
1049,K/Q,26037016,20,21,20,21
1050,K/Q,26037016,38,39,38,39
1051,K/Q,26037019,21,22,21,22
1052,K/Q,26037022,25,25,25,25
1053,K/Q,26039011,36,37,36,37
1054,K/Q,26039025,9,9,9,9
1055,K/Q,26040006,13,15,13,15
1056,K/Q,26040009,9,11,9,11
1057,K/Q,26040015,6,7,6,7
1058,K/Q,26040021,1,3,1,3
1059,K/Q,26040021,11,16,11,16
1060,K/Q,26040022,1,9,1,9
1061,K/Q,26040022,27,29,27,29
1062,K/Q,26040024,15,19,15,19
1063,K/Q,26040025,5,8,5,8
1064,K/Q,26040026,4,8,4,8
1065,K/Q,26040026,24,25,24,25
1066,K/Q,26040029,1,9,1,9
1067,K/Q,26040029,19,22,19,22
1068,K/Q,26040031,1,3,1,3
1069,K/Q,26040031,11,12,11,12
1070,K/Q,26040031,16,17,16,17
1071,K/Q,26040033,1,9,1,9
1072,K/Q,26040033,19,22,19,22
1073,K/Q,26040034,1,3,1,3
1074,K/Q,26040034,12,13,12,13
1075,K/Q,26040034,22,23,22,23
1076,K/Q,26040036,1,7,1,7
1077,K/Q,26040037,1,3,1,3
1078,K/Q,26040037,12,13,12,13
1079,K/Q,26040037,22,23,22,23
1080,K/Q,26041008,9,9,9,9
1081,K/Q,26041015,14,16,14,16
1082,K/Q,26042009,1,4,1,5
1083,K/Q,26042009,7,8,8,9
1084,K/Q,26042014,29,29,29,30
1085,K/Q,26042016,10,10,10,10
1086,K/Q,26043011,22,23,22,23
1087,K/Q,26043011,31,32,31,32
1088,K/Q,26043011,35,36,35,36
1089,K/Q,26043015,6,9,6,9
1090,K/Q,26043016,1,3,1,3
1091,K/Q,26043026,13,14,13,14
1092,K/Q,26044003,9,10,9,10
1093,K/Q,26044005,36,37,36,37
1094,K/Q,26044024,6,7,6,7
1095,K/Q,26044024,11,13,11,12
1096,K/Q,26045003,9,9,9,9
1097,K/Q,26045005,11,11,11,12
1098,K/Q,26046009,46,46,46,46
1099,K/Q,26046015,1,2,1,1
1100,K/Q,26046019,27,29,27,29
1101,K/Q,26047008,29,30,29,30
1102,K/Q,26047010,3,3,3,3
1103,K/Q,26047011,1,2,1,2
1104,K/Q,26047012,38,39,38,39
1105,K/Q,26048014,11,11,11,11
1106,K/Q,26048015,29,31,29,31
1107,K/Q,26048016,15,16,15,15
1108,K/Q,26048018,28,29,28,29
1109,K/Q,26048021,57,59,57,59
1110,K/Q,27001004,7,7,7,7
1111,K/Q,27002004,15,17,15,17
1112,K/Q,27002005,5,6,5,6
1113,K/Q,27002009,16,16,16,16
1114,K/Q,27002010,2,2,2,2
1115,K/Q,27002022,10,11,10,11
1116,K/Q,27002026,11,13,11,13
1117,K/Q,27002029,1,1,1,1
1118,K/Q,27002031,1,1,1,1
1119,K/Q,27002033,7,8,7,8
1120,K/Q,27002033,11,13,11,13
1121,K/Q,27002037,1,1,1,1
1122,K/Q,27002038,5,5,5,5
1123,K/Q,27002038,23,23,23,23
1124,K/Q,27002039,12,12,12,12
1125,K/Q,27002040,3,3,3,3
1126,K/Q,27002041,7,8,7,8
1127,K/Q,27002041,12,14,12,14
1128,K/Q,27002042,4,5,4,5
1129,K/Q,27002042,7,9,7,9
1130,K/Q,27002043,1,1,1,2
1131,K/Q,27003003,23,24,23,24
1132,K/Q,27003005,8,8,8,8
1133,K/Q,27003007,16,16,16,16
1134,K/Q,27003010,1,1,1,1
1135,K/Q,27003010,13,13,13,13
1136,K/Q,27003010,16,17,16,17
1137,K/Q,27003012,21,22,20,21
1138,K/Q,27003012,25,27,24,26
1139,K/Q,27003015,14,14,14,14
1140,K/Q,27003018,14,15,14,15
1141,K/Q,27003019,10,10,10,10
1142,K/Q,27003021,9,10,9,10
1143,K/Q,27003025,24,24,24,24
1144,K/Q,27003026,22,22,21,21
1145,K/Q,27003028,33,34,32,33
1146,K/Q,27003029,14,14,14,14
1147,K/Q,27003031,10,10,10,10
1148,K/Q,27003032,9,9,9,9
1149,K/Q,27004004,3,3,3,3
1150,K/Q,27004004,6,6,6,6
1151,K/Q,27004009,23,23,23,23
1152,K/Q,27004013,4,4,4,4
1153,K/Q,27004014,16,16,16,16
1154,K/Q,27004014,19,19,19,19
1155,K/Q,27004014,31,32,31,32
1156,K/Q,27004015,7,8,7,8
1157,K/Q,27004015,27,28,27,28
1158,K/Q,27004016,32,33,32,33
1159,K/Q,27004016,35,37,35,37
1160,K/Q,27004016,41,43,41,43
1161,K/Q,27004019,1,1,1,1
1162,K/Q,27004021,6,6,6,6
1163,K/Q,27004021,11,12,11,12
1164,K/Q,27004022,32,33,32,33
1165,K/Q,27004022,39,39,39,39
1166,K/Q,27004024,6,10,6,10
1167,K/Q,27004029,23,24,23,24
1168,K/Q,27004029,30,30,30,30
1169,K/Q,27004031,18,20,18,20
1170,K/Q,27004032,3,3,3,3
1171,K/Q,27004032,16,17,16,17
1172,K/Q,27005005,4,4,4,4
1173,K/Q,27005007,9,9,9,9
1174,K/Q,27005007,33,34,33,34
1175,K/Q,27005008,2,2,2,2
1176,K/Q,27005008,12,13,12,14
1177,K/Q,27005010,12,12,12,12
1178,K/Q,27005013,13,13,13,13
1179,K/Q,27005014,3,4,3,4
1180,K/Q,27005016,4,5,4,5
1181,K/Q,27005016,7,7,7,7
1182,K/Q,27005016,17,17,17,17
1183,K/Q,27005016,29,30,29,30
1184,K/Q,27005018,1,1,1,1
1185,K/Q,27005018,4,4,4,4
1186,K/Q,27005019,14,14,14,14
1187,K/Q,27005021,11,11,11,11
1188,K/Q,27005021,35,35,35,35
1189,K/Q,27005021,45,46,45,46
1190,K/Q,27005022,1,2,1,2
1191,K/Q,27005023,13,19,13,19
1192,K/Q,27005029,10,11,10,11
1193,K/Q,27005030,8,8,8,8
1194,K/Q,27006001,3,3,3,3
1195,K/Q,27006014,18,19,18,19
1196,K/Q,27006017,24,24,24,24
1197,K/Q,27006021,26,26,26,26
1198,K/Q,27006023,26,27,26,27
1199,K/Q,27006026,13,13,13,13
1200,K/Q,27006027,13,13,13,13
1201,K/Q,27006029,12,12,12,12
1202,K/Q,27007005,21,22,21,22
1203,K/Q,27007006,18,19,18,19
1204,K/Q,27007007,11,11,11,11
1205,K/Q,27007007,30,32,30,32
1206,K/Q,27007008,11,12,11,12
1207,K/Q,27007008,18,18,18,18
1208,K/Q,27007008,20,21,20,21
1209,K/Q,27007010,11,11,11,11
1210,K/Q,27007010,16,16,16,16
1211,K/Q,27007019,12,13,12,13
1212,K/Q,27007019,16,17,16,17
1213,K/Q,27007020,13,14,13,14
1214,K/Q,27007020,16,17,16,17
1215,K/Q,27007023,6,6,6,6
1216,K/Q,27007025,5,5,5,5
1217,K/Q,27008011,10,10,10,10
1218,K/Q,27009005,4,5,4,4
1219,K/Q,27009012,4,5,4,5
1220,K/Q,27009018,8,8,8,8
1221,K/Q,27009024,16,19,16,19
1222,K/Q,27011010,1,3,1,3
1223,K/Q,27011010,19,20,19,20
1224,K/Q,27011010,22,23,22,23
1225,K/Q,27011012,5,5,5,6
1226,K/Q,27011018,1,2,1,2
1227,K/Q,27011039,10,10,10,10
1228,K/Q,28006010,5,5,5,5
1229,K/Q,28008012,1,1,1,1
1230,K/Q,28008012,4,4,4,4
1231,K/Q,28009016,7,7,7,7
1232,K/Q,28010010,17,18,17,18
1233,K/Q,29004001,15,15,15,15
1234,K/Q,30008004,9,9,9,9
1235,K/Q,30008008,23,24,23,24
1236,K/Q,30009006,6,7,6,7
1237,K/Q,31001011,16,17,16,17
1238,K/Q,33001003,13,13,13,13
1239,K/Q,33001008,7,7,7,7
1240,K/Q,33001010,13,13,13,13
1241,K/Q,33003002,5,5,5,5
1242,K/Q,34001003,4,5,4,5
1243,K/Q,34002001,20,21,20,21
1244,K/Q,34002006,5,7,5,7
1245,K/Q,34003003,21,21,21,22
1246,K/Q,35003004,16,17,16,17
1247,K/Q,35003014,6,7,6,7
1248,K/Q,36002007,26,27,26,27
1249,K/Q,36002009,35,35,35,36
1250,K/Q,37001008,15,16,15,16
1251,K/Q,38001004,27,29,27,29
1252,K/Q,38001016,18,19,18,19
1253,K/Q,38002008,3,4,3,4
1254,K/Q,38004002,8,9,8,9
1255,K/Q,38011002,15,16,15,16
1256,K/Q,38014002,23,23,23,23
1257,K/Q,38014006,12,12,12,13
