id,vidBegin,Woord,type,par,cit
1,48001001,,p,1,0
2,48001003,,p,1,0
3,48001006,,p,1,0
4,48001010,,p,1,0
5,48001015,,p,1,0
6,48001018,,p,1,0
7,48002001,,p,1,0
8,48002003,,p,1,0
9,48002006,,p,1,0
10,48002011,,p,1,0
11,48002015,,p,1,0
12,48003001,,p,1,0
13,48003005,,p,1,0
14,48003010,,p,1,0
15,48003015,,p,1,0
16,48003019,,p,1,0
17,48003021,,p,1,0
18,48003023,,p,1,0
19,48003025,,p,1,0
20,48004001,,p,1,0
21,48004008,,p,1,0
22,48004012,,p,1,0
23,48004017,,p,1,0
24,48004019,,p,1,0
25,48004021,,p,1,0
26,48004028,,p,1,0
27,48005001,,p,1,0
28,48005002,,p,1,0
29,48005007,,p,1,0
30,48005011,,p,1,0
31,48005013,,p,1,0
32,48005016,,p,1,0
33,48005019,,p,1,0
34,48005022,,p,1,0
35,48006001,,p,1,0
36,48006006,,p,1,0
37,48006011,,p,1,0
38,48006017,,p,1,0
39,48006018,,p,1,0
40,49001001,,p,1,0
41,49001002,,p,1,0
42,49001003,,p,1,0
43,49001013,,p,1,0
44,49001015,,p,1,0
45,49002001,,p,1,0
46,49002011,,p,1,0
47,49002013,,p,1,0
48,49002019,,p,1,0
49,49003001,,p,1,0
50,49003014,,p,1,0
51,49003020,,p,1,0
52,49004001,,p,1,0
53,49004007,,p,1,0
55,49004015,,p,1,0
56,49004017,,p,1,0
57,49004020,,p,1,0
58,49004026,,p,1,0
59,49004030,,p,1,0
60,49004032,,p,1,0
61,49005001,,p,1,0
62,49005003,,p,1,0
64,49005015,,p,1,0
65,49005022,,p,1,0
66,49005025,,p,1,0
67,49005032,,p,1,0
68,49005033,,p,1,0
69,49006001,,p,1,0
70,49006004,,p,1,0
71,49006005,,p,1,0
72,49006009,,p,1,0
73,49006010,,p,1,0
74,49006011,,p,1,0
75,49006017,,p,1,0
76,49006018,,p,1,0
77,49006021,,p,1,0
78,49006022,,p,1,0
79,49006023,,p,1,0
80,49006024,,p,1,0
81,50001001,,p,1,0
82,50001002,,p,1,0
83,50001003,,p,1,0
84,50001012,,p,1,0
85,50001018,19,p,1,0
86,50002001,,p,1,0
87,50002005,,p,1,0
88,50002009,,p,1,0
89,50002012,,p,1,0
90,50002019,,p,1,0
91,50002025,,p,1,0
92,50003001,,p,1,0
93,50003004,,p,1,0
94,50003017,,p,1,0
95,50004001,,p,1,0
96,50004004,,p,1,0
97,50004008,,p,1,0
98,50004010,,p,1,0
99,50004014,,p,1,0
100,50004021,,p,1,0
101,50004023,,p,1,0
102,51001001,,p,1,0
103,51001002,10,p,1,0
104,51001003,,p,1,0
105,51001009,,p,1,0
106,51001018,,p,1,0
107,51001021,,p,1,0
108,51002001,,p,1,0
109,51002006,,p,1,0
110,51002008,,p,1,0
111,51002016,,p,1,0
112,51002020,,p,1,0
113,51003001,,p,1,0
114,51003005,,p,1,0
115,51003008,,p,1,0
116,51003012,,p,1,0
117,51003018,,p,1,0
118,51003020,,p,1,0
119,51003022,,p,1,0
120,51004001,,p,1,0
121,51004002,,p,1,0
122,51004007,,p,1,0
123,51004010,,p,1,0
124,51004012,,p,1,0
125,51004014,,p,1,0
127,52001001,,p,1,0
128,52001002,,p,1,0
129,52001006,,p,1,0
130,52002001,,p,1,0
131,52002009,,p,1,0
133,52002013,,p,1,0
134,52002014,,p,1,0
135,52002017,,p,1,0
136,52003001,,p,1,0
137,52003005,,p,1,0
138,52004001,,p,1,0
139,52004009,,p,1,0
140,52004013,,p,1,0
141,52005001,,p,1,0
142,52005004,,p,1,0
143,52005012,,p,1,0
144,52005023,,p,1,0
145,52005025,,p,1,0
146,52005028,,p,1,0
147,53001001,,p,1,0
148,53001002,,p,1,0
149,53001003,,p,1,0
150,53001011,,p,1,0
151,53002001,,p,1,0
152,53002006,,p,1,0
153,53002013,,p,1,0
154,53003001,,p,1,0
155,53003006,,p,1,0
156,53003016,,p,1,0
157,53003017,,p,1,0
158,55001001,,p,1,0
159,55001002,4,p,1,0
160,55001003,,p,1,0
161,55001006,,p,1,0
162,55001013,,p,1,0
163,55001016,,p,1,0
164,55002001,,p,1,0
165,55002003,,p,1,0
166,55002008,,p,1,0
167,55002011,,p,1,0
168,55002014,,p,1,0
169,55002015,,p,1,0
170,55002019,,p,1,0
171,55002020,,p,1,0
172,55002022,,p,1,0
173,55003001,,p,1,0
174,55003010,,p,1,0
175,55003014,,p,1,0
176,55003016,,p,1,0
177,55004001,,p,1,0
178,55004005,,p,1,0
179,55004009,,p,1,0
180,55004019,,p,1,0
181,55004022,,p,1,0
182,57001001,,p,1,0
183,57001003,,p,1,0
184,57001004,,p,1,0
185,57001008,,p,1,0
186,57001021,,p,1,0
187,57001023,,p,1,0
188,57001025,,p,1,0
189,48004027,5,q,0,1
190,49004008,4,q,0,1
191,54001001,,p,1,0
193,54001017,,p,1,0
194,54001018,,p,1,0
195,54002001,,p,1,0
196,54002005,,p,1,0
197,54002008,,p,1,0
198,54003001,,p,1,0
199,54003008,,p,1,0
200,54003014,,p,1,0
201,54004001,,p,1,0
202,54004009,,p,1,0
203,54005001,,p,1,0
204,54005017,,p,1,0
205,54006001,,p,1,0
207,54006010,,p,1,0
208,54006011,,p,1,0
209,54006013,,p,1,0
210,54006017,,p,1,0
211,54006020,,p,1,0
214,45003012,6,in*,0,0
215,45003012,,in,0,0
216,45003012,6,in,0,0
217,45003012,-1,in*,0,0
218,56001001,,p,1,0
219,56001004,,p,1,0
220,56001010,,p,1,0
221,56001012,,p,1,0
222,56002001,,p,1,0
223,56002009,,p,1,0
224,56002011,,p,1,0
225,56003001,,p,1,0
226,56003008,,p,1,0
227,56003012,,p,1,0
228,56003015,,p,1,0
229,54006021,10,p,1,0
230,45001001,,p,1,0
231,45001007,10,p,1,0
232,45001008,,p,1,0
233,45001013,,p,1,0
234,45001014,,p,1,0
235,45001018,,p,1,0
236,45001024,,p,1,0
237,45001026,,p,1,0
238,45002001,,p,1,0
239,45002003,,p,1,0
241,45002014,,p,1,0
242,45002017,,p,1,0
243,45002025,,p,1,0
244,45002028,,p,1,0
245,45003001,,p,1,0
246,45003004,18,q,0,1
247,45003009,,p,1,0
248,45003004,-1,in*,0,0
249,45003004,18,in,0,0
250,45003004,26,in*,0,0
251,45003004,26,in,0,0
252,45003004,-1,q*,0,0
253,45003013,,in,0,0
254,45003013,7,in*,0,0
255,45003013,7,in,0,0
256,45003013,13,in*,0,0
257,45003013,13,in,0,0
258,45003013,-1,in*,0,0
259,45003014,,in,0,0
260,45003014,-1,in*,0,0
261,45003015,,in,0,0
262,45003015,-1,in*,0,0
263,45003016,,in,0,0
264,45003016,-1,in*,0,0
265,45003017,,in,0,0
266,45003017,-1,in*,0,0
267,45003018,,in,0,0
268,45003018,-1,in*,0,0
269,45003018,-1,qml*,0,0
270,45003021,,p,1,0
271,45003029,,p,1,0
272,45004001,,p,1,0
273,45004004,,p,1,0
274,45004007,,qml,0,0
275,45004007,,in,0,0
276,45004007,-1,in*,0,0
277,45004008,,in,0,0
278,45004008,-1,in*,0,0
279,45004008,-1,qml*,0,0
280,45004013,,p,1,0
281,45004016,,p,1,0
282,45004023,,p,1,0
283,45005001,,p,1,0
284,45005003,,p,1,0
285,45005006,,p,1,0
286,45005010,,p,1,0
287,45005012,,p,1,0
288,45005015,,p,1,0
289,45005016,,p,1,0
290,45005018,,p,1,0
291,45005020,,p,1,0
292,45006001,,p,1,0
293,45006002,,p,1,0
294,45006008,,p,1,0
295,45006012,,p,1,0
296,45006015,,p,1,0
297,45006015,13,p,1,0
298,45006019,,p,1,0
299,45007001,,p,1,0
300,45007002,,p,1,0
301,45007004,,p,1,0
302,45007007,,p,1,0
303,45007013,,p,1,0
304,45007021,,p,1,0
305,45007024,,p,1,0
306,45008001,,p,1,0
307,45008005,,p,1,0
308,45008009,,p,1,0
309,45008015,,p,1,0
310,45008018,,p,1,0
311,45008026,,p,1,0
312,45008028,,p,1,0
313,45008031,,p,1,0
314,45008036,5,q,0,1
315,45008036,5,in,0,0
316,45008036,12,in*,0,0
317,45008036,12,in,0,0
318,45008036,-1,in*,0,0
319,45008036,-1,q*,0,0
320,45008038,,p,1,0
321,45009001,,p,1,0
322,45009006,,p,1,0
323,45009009,,p,1,0
324,45009014,,p,1,0
325,45009019,,p,1,0
326,45009025,8,qml,0,0
328,45009025,17,in,0,0
329,45009025,17,in*,0,0
330,45009025,-1,in*,0,0
331,45009026,,in,0,0
335,45009026,-1,in*,0,0
336,45009026,-1,qml*,0,0
337,45009029,,p,1,0
338,45009029,6,q,0,1
339,45009029,6,in,0,0
340,45009029,13,in*,0,0
341,45009029,13,in,0,0
344,45009029,-1,in*,0,0
345,45009029,-1,q*,0,0
346,45009033,4,q,0,1
347,45009033,4,in,0,0
348,45009033,15,in*,0,0
349,45009033,15,in,0,0
350,45009033,-1,in*,0,0
351,45009033,-1,q*,0,0
352,45010001,,p,1,0
353,45010005,,p,1,0
354,45010014,,p,1,0
355,45010016,11,q,0,1
356,45010016,-1,in*,0,0
357,45010018,,p,1,0
358,45010018,7,q,0,1
359,45010018,7,in,0,0
360,45010018,16,in*,0,0
361,45010018,16,in,0,0
362,45010018,-1,in*,0,0
363,45010018,-1,q*,0,0
364,45010019,13,q,0,1
365,45010019,13,in,0,0
366,45010019,22,in*,0,0
367,45010019,22,in,0,0
368,45010019,-1,in*,0,0
369,45010019,-1,q*,0,0
370,45010020,8,q,0,1
371,45010020,8,in,0,0
372,45010020,14,in*,0,0
373,45010020,14,in,0,0
374,45010020,-1,in*,0,0
375,45010020,-1,q*,0,0
376,45010021,7,q,0,1
377,45010021,7,in,0,0
378,45010021,-1,in*,0,0
379,45010021,-1,q*,0,0
380,45011001,,p,1,0
381,45011002,11,p,1,0
382,45011007,,p,1,0
383,45011009,,p,1,0
384,45011009,5,qml,0,0
385,45011009,5,in,0,0
386,45011009,17,in*,0,0
387,45011009,17,in,0,0
388,45011009,-1,in*,0,0
389,45011010,,in,0,0
390,45011010,10,in*,0,0
391,45011010,10,in,0,0
392,45011010,-1,in*,0,0
393,45011010,-1,qml*,0,0
394,45011012,,p,1,0
395,45011016,,p,1,0
396,45011019,,p,1,0
397,45011025,,p,1,0
398,45011026,10,qml,0,0
402,45011026,-1,in*,0,0
403,45011027,,in,0,0
404,45011027,9,in*,0,0
405,45011027,9,in,0,0
406,45011027,-1,in*,0,0
407,45011027,-1,qml*,0,0
408,45011029,,p,1,0
409,45011033,,p,1,0
410,45012001,,p,1,0
411,45012003,,p,1,0
412,45012009,,p,1,0
413,45012014,,p,1,0
414,45013001,,p,1,0
415,45013006,,p,1,0
416,45013008,,p,1,0
417,45013011,,p,1,0
418,45014001,,p,1,0
419,45014005,,p,1,0
420,45014010,,p,1,0
421,45014011,4,q,0,1
422,45014011,4,in,0,0
423,45014011,10,in*,0,0
424,45014011,10,in,0,0
425,45014011,15,in*,0,0
426,45014011,15,in,0,0
427,45014011,-1,in*,0,0
428,45014011,-1,q*,0,0
429,45014014,,p,1,0
430,45014019,,p,1,0
431,45014022,,p,1,0
432,45015001,,p,1,0
433,45015005,,p,1,0
434,45015008,,p,1,0
439,45015009,-1,in*,0,0
440,45015009,-1,q*,0,0
443,45015010,-1,in*,0,0
444,45015011,5,q,0,1
445,45015011,-1,in*,0,0
446,45015011,5,in,0,0
447,45015011,11,in*,0,0
448,45015011,11,in,0,0
449,45015011,-1,q*,0,0
450,45015012,6,q,0,1
451,45015012,6,in,0,0
452,45015012,13,in*,0,0
453,45015012,13,in,0,0
454,45015012,23,in*,0,0
455,45015012,23,in,0,0
456,45015012,-1,in*,0,0
457,45015012,-1,q*,0,0
458,45015014,,p,1,0
459,45015017,,p,1,0
460,45015021,5,q,0,1
461,45015021,5,in,0,0
462,45015021,11,in*,0,0
463,45015021,11,in,0,0
464,45015021,-1,in*,0,0
465,45015021,-1,q*,0,0
466,45015030,,p,1,0
467,45016001,,p,1,0
468,45016003,,p,1,0
469,45016005,7,p,1,0
470,45016017,,p,1,0
471,45016021,,p,1,0
472,45016025,,p,1,0
473,46001001,,p,1,0
474,46001003,,p,1,0
475,46001004,,p,1,0
476,46001010,,p,1,0
477,46001018,,p,1,0
478,46001026,,p,1,0
479,46002001,,p,1,0
480,46002006,,p,1,0
481,46002011,,p,1,0
482,46002014,,p,1,0
483,46003001,,p,1,0
484,46003005,,p,1,0
485,46003010,,p,1,0
486,46003016,,p,1,0
487,46003018,,p,1,0
488,46004001,,p,1,0
489,46004006,,p,1,0
490,46004014,,p,1,0
491,46004018,,p,1,0
492,46005001,,p,1,0
493,46005009,,p,1,0
494,46005006,,p,1,0
495,46006001,,p,1,0
496,46006007,,p,1,0
497,46006012,,p,1,0
498,46006015,,p,1,0
499,46007001,,p,1,0
500,46007008,,p,1,0
501,46007010,,p,1,0
502,46007012,,p,1,0
503,46007017,8,p,1,0
504,46007025,,p,1,0
505,46007029,,p,1,0
506,46007036,,p,1,0
507,46007039,,p,1,0
508,46008001,,p,1,0
509,46008009,,p,1,0
510,46009001,,p,1,0
511,46009003,,p,1,0
512,46009008,,p,1,0
513,46009013,,p,1,0
514,46009016,,p,1,0
515,46009019,,p,1,0
516,46009024,,p,1,0
517,46010001,,p,1,0
518,46010011,,p,1,0
519,46010014,,p,1,0
520,46010018,,p,1,0
521,46010023,,p,1,0
522,46010027,,p,1,0
524,46011002,,p,1,0
525,46011004,,p,1,0
526,46011013,,p,1,0
527,46011017,,p,1,0
528,46011020,,p,1,0
529,46011023,,p,1,0
530,46011025,,p,1,0
531,46011027,,p,1,0
532,46011033,,p,1,0
533,46012001,,p,1,0
534,46012004,,p,1,0
535,46012007,,p,1,0
536,46012012,,p,1,0
537,46012014,,p,1,0
538,46012020,,p,1,0
539,46012027,,p,1,0
540,46013001,,p,1,0
541,46013008,,p,1,0
542,46013013,,p,1,0
544,46014006,,p,1,0
545,46014013,,p,1,0
546,46014018,,p,1,0
547,46014020,,p,1,0
548,46014023,,p,1,0
549,46014026,,p,1,0
550,46014029,,p,1,0
551,46014034,,p,1,0
552,46014039,,p,1,0
553,46015001,,p,1,0
554,46015003,,p,1,0
555,46015008,,p,1,0
556,46015012,,p,1,0
557,46015020,,p,1,0
558,46015029,,p,1,0
559,46015035,,p,1,0
560,46015042,,p,1,0
561,46015045,,p,1,0
562,46015050,,p,1,0
563,46015054,,p,1,0
564,46015054,22,qml,0,0
565,46015054,22,in,0,0
566,46015054,-1,in*,0,0
567,46015055,,in,0,0
568,46015055,7,in*,0,0
569,46015055,7,in,0,0
570,46015055,-1,in*,0,0
571,46015055,-1,qml*,0,0
572,46015058,,p,1,0
573,46016001,,p,1,0
574,46016005,,p,1,0
575,46016010,,p,1,0
576,46016012,,p,1,0
577,46016013,,p,1,0
578,46016015,,p,1,0
579,46016017,,p,1,0
580,46016019,,p,1,0
581,46016021,,p,1,0
582,46016023,,p,1,0
583,47001001,,p,1,0
584,47001002,,p,1,0
585,47001003,,p,1,0
586,47001006,,p,1,0
587,47001008,,p,1,0
588,47001012,,p,1,0
589,47001018,,p,1,0
590,47001023,,p,1,0
591,47002001,,p,1,0
592,47002005,,p,1,0
593,47002009,,p,1,0
594,47002012,,p,1,0
595,47002014,,p,1,0
596,47003001,,p,1,0
597,47003007,,p,1,0
598,47003012,,p,1,0
599,47004001,,p,1,0
600,47004003,,p,1,0
601,47004007,,p,1,0
602,47004013,,p,1,0
603,47004016,,p,1,0
604,47005001,,p,1,0
605,47005006,,p,1,0
606,47005010,,p,1,0
607,47005011,,p,1,0
608,47005012,,p,1,0
609,47005018,,p,1,0
610,47005016,,p,1,0
611,47006001,,p,1,0
612,47006002,4,q,0,1
613,47006002,10,in*,0,0
614,47006002,4,in,0,0
615,47006002,10,in,0,0
617,47006002,17,in*,0,0
618,47006002,17,q*,0,0
619,47006003,,p,1,0
620,47006011,,p,1,0
621,47007001,,p,1,0
622,47007002,,p,1,0
623,47007011,,p,1,0
624,45009025,8,in,0,0
625,47008001,,p,1,0
626,47008009,,p,1,0
627,47008013,,p,1,0
628,47008016,,p,1,0
629,47009001,,p,1,0
630,47008022,,p,1,0
631,47010001,,p,1,0
633,47010013,,p,1,0
634,47011001,,p,1,0
635,47011007,,p,1,0
636,47011010,,p,1,0
637,47011016,,p,1,0
638,47011021,9,p,1,0
639,47011029,,p,1,0
640,47012001,,p,1,0
641,47012007,6,p,1,0
642,47012011,,p,1,0
643,47012014,,p,1,0
645,47012019,,p,1,0
646,47013001,,p,1,0
647,47013005,,p,1,0
648,47013013,,p,1,0
649,47013011,,p,1,0
650,66001001,,p,1,0
651,66001003,,p,1,0
652,66001005,20,p,1,0
653,66001007,,p,1,0
654,66001008,,p,1,0
655,66001009,,p,1,0
656,66001012,,p,1,0
657,66001017,,p,1,0
658,66002001,,p,1,0
659,66002007,12,p,1,0
660,66002007,,p,1,0
661,66002008,,p,1,0
662,66002009,,p,1,0
663,66002012,,p,1,0
664,66002011,,p,1,0
665,66002011,12,p,1,0
667,66002017,,p,1,0
668,66002017,12,p,1,0
669,66002026,,p,1,0
670,66002029,,p,1,0
671,66003001,,p,1,0
672,66003001,23,p,1,0
673,66003005,,p,1,0
674,66003012,,p,1,0
675,66003013,,p,1,0
676,66003021,,p,1,0
677,66004001,,p,1,0
678,66004002,,p,1,0
679,66004004,,p,1,0
680,66004005,,p,1,0
681,66004006,12,p,1,0
682,66004008,17,p,1,0
683,66004008,25,q,0,1
684,66004008,25,in,0,0
685,66004008,28,in*,0,0
686,66004008,28,in,0,0
687,66004008,33,in*,0,0
688,66004008,33,in,0,0
690,66004008,-1,in*,0,0
691,66004008,-1,q*,0,0
692,66004009,,p,1,0
693,66004011,,q,0,1
694,66004011,,in,0,0
695,66004011,10,in*,0,0
696,66004011,10,in,0,0
697,66004011,20,in*,0,0
698,66004011,20,in,0,0
699,66004011,-1,in*,0,0
700,66004011,-1,q*,0,0
701,66005001,,p,1,0
702,66005006,,p,1,0
703,66005008,,p,1,0
704,66005009,7,qml,0,0
705,66005009,7,in,0,0
707,66005009,18,in*,0,0
708,66005009,18,in,0,0
709,66005009,29,in*,0,0
710,66005009,29,in,0,0
711,66005009,-1,in*,0,0
712,66005010,,in,0,0
713,66005010,12,in*,0,0
714,66005010,12,in,0,0
715,66005010,-1,in*,0,0
716,66005010,-1,qml*,0,0
717,66005012,6,q,0,1
718,66005012,6,in,0,0
719,66005012,12,in*,0,0
720,66005012,12,in,0,0
721,66005012,22,in,0,0
722,66005012,22,in*,0,0
723,66005012,-1,in*,0,0
724,66005012,-1,q*,0,0
725,66005013,29,q,0,1
726,66005013,29,in,0,0
727,66005013,35,in,0,0
728,66005013,35,in*,0,0
729,66005013,37,in*,0,0
730,66005013,37,in,0,0
731,66005013,49,in*,0,0
732,66005013,49,in,0,0
733,66005013,-1,in*,0,0
734,66005013,-1,q*,0,0
735,66006001,,p,1,0
736,66006002,,p,1,0
737,66006003,,p,1,0
738,66006005,,p,1,0
739,66006007,,p,1,0
740,66006009,,p,1,0
741,66006012,,p,1,0
742,66006014,,p,1,0
743,66007001,,p,1,0
744,66007002,,p,1,0
745,66007009,,p,1,0
746,66007010,7,q,0,1
747,66007010,7,in,0,0
748,66007010,14,in*,0,0
749,66007010,14,in,0,0
750,66007010,19,in*,0,0
751,66007010,19,in,0,0
752,66007010,-1,in*,0,0
753,66007010,-1,q*,0,0
754,66008001,,p,1,0
755,66008002,,p,1,0
756,66008003,,p,1,0
757,66008006,,p,1,0
758,66008007,,p,1,0
759,66008008,,p,1,0
760,66008010,,p,1,0
761,66008012,,p,1,0
762,66009001,,p,1,0
763,66009012,,p,1,0
764,66009013,,p,1,0
765,66010001,,p,1,0
767,66010008,,p,1,0
768,66011001,,p,1,0
769,66011014,,p,1,0
770,66011015,,p,1,0
771,66011016,,p,1,0
772,66011019,,p,1,0
773,66012001,,p,1,0
774,66012003,,p,1,0
775,66012013,,p,1,0
776,66013001,,p,1,0
777,66013009,,p,1,0
778,66013011,,p,1,0
779,66013013,,p,1,0
780,66013016,,p,1,0
781,66013018,,p,1,0
782,66014001,,p,1,0
783,66014006,,p,1,0
784,66014008,,p,1,0
785,66014009,,p,1,0
786,66014013,,p,1,0
787,66014014,,p,1,0
788,66014016,,p,1,0
789,66014017,,p,1,0
790,66015001,,p,1,0
791,66015002,,p,1,0
792,66015003,16,qml,0,0
793,66015003,16,in,0,0
794,66015003,28,in*,0,0
795,66015003,28,in,0,0
796,66015003,-1,in*,0,0
797,66015004,,in,0,0
798,66015004,8,in*,0,0
799,66015004,8,in,0,0
800,66015004,13,in*,0,0
801,66015004,13,in,0,0
802,66015004,17,in*,0,0
803,66015004,17,in,0,0
804,66015004,27,in*,0,0
805,66015004,27,in,0,0
807,66015004,-1,in*,0,0
808,66015004,-1,qml*,0,0
809,66015004,13,tab,0,0
810,66015004,27,tab,0,0
812,66017001,,p,1,0
813,66017005,9,qc,0,0
814,66017005,-1,in*,0,0
815,66017005,9,in,0,0
816,66017005,10,in*,0,0
817,66017005,10,in,0,0
818,66017005,14,in*,0,0
819,66017005,14,in,0,0
820,66017005,18,in*,0,0
821,66017005,18,in,0,0
822,66017005,21,in*,0,0
823,66017005,21,in,0,0
824,66017005,-1,qc*,0,0
826,66017009,,p,1,0
827,66017012,,p,1,0
828,66017015,,p,1,0
829,66017018,,p,1,0
830,66018001,,p,1,0
831,66018009,,p,1,0
832,66018011,,p,1,0
833,66018017,8,p,1,0
834,66018020,,p,1,0
835,66018021,,p,1,0
836,66019001,,p,1,0
837,66019004,,p,1,0
838,66019006,,p,1,0
839,66019009,,p,1,0
840,66019011,,p,1,0
841,66019019,,p,1,0
842,66020001,,p,1,0
843,66020006,,p,1,0
844,66020007,,p,1,0
845,66020011,,p,1,0
846,66020012,,p,1,0
847,66021001,,p,1,0
848,66021002,,p,1,0
849,66021005,,p,1,0
850,66021009,,p,1,0
851,66021015,,p,1,0
852,66022001,,p,1,0
853,66021022,,p,1,0
854,66021024,,p,1,0
855,66022003,,p,1,0
856,66022006,,p,1,0
857,66022008,,p,1,0
858,66022018,,p,1,0
859,66022016,,p,1,0
860,66022012,,p,1,0
861,66022010,,p,1,0
862,66022020,9,p,1,0
863,66022021,,p,1,0
864,66001010,,p,1,0
865,66002002,,p,1,0
866,66002013,,p,1,0
867,66002018,,p,1,0
868,66002019,,p,1,0
869,66003022,,p,1,0
870,66003019,,p,1,0
871,66003015,,p,1,0
872,66003014,,p,1,0
873,66003008,,p,1,0
874,66003007,,p,1,0
875,66003006,,p,1,0
876,66008013,,p,1,0
877,66010005,,p,1,0
878,66012007,,p,1,0
879,66012009,,p,1,0
880,66014011,,p,1,0
881,66016002,,p,1,0
882,66016003,,p,1,0
883,66016004,,p,1,0
884,66016008,,p,1,0
885,66016010,,p,1,0
886,66016012,,p,1,0
887,66016017,,p,1,0
888,66018024,,p,1,0
889,66018004,,p,1,0
890,66018006,,p,1,0
891,66019017,,p,1,0
892,66020004,,p,1,0
893,66020013,,p,1,0
895,41001003,-1,in*,0,0
896,41001003,,in,0,0
897,41001003,9,in*,0,0
898,41001003,9,in,0,0
899,41001003,-1,qml*,0,0
902,41001003,16,in*,0,0
903,41001003,16,in,0,0
904,41001006,,p,1,0
905,41001009,,p,1,0
906,41001012,,p,1,0
907,41001014,,p,1,0
908,41001016,,p,1,0
909,41001021,,p,1,0
910,41001023,,p,1,0
911,41001027,,p,1,0
912,41001029,,p,1,0
913,41001032,,p,1,0
914,41001035,,p,1,0
915,41001040,,p,1,0
916,41001045,,p,1,0
917,41002001,,p,1,0
918,41002003,,p,1,0
919,41002006,,p,1,0
920,41002010,,p,1,0
921,41002013,,p,1,0
922,41002018,,p,1,0
923,41002021,,p,1,0
924,41002023,,p,1,0
925,41003001,,p,1,0
926,41003003,,p,1,0
927,41003007,,p,1,0
928,41003013,,p,1,0
930,41003023,,p,1,0
931,41003028,,p,1,0
932,41003031,,p,1,0
933,41004001,,p,1,0
934,41004002,,p,1,0
935,41004010,,p,1,0
936,41004013,,p,1,0
937,41004016,,p,1,0
938,41004018,,p,1,0
939,41004020,,p,1,0
940,41004021,,p,1,0
941,41004024,,p,1,0
942,41004026,,p,1,0
943,41004030,,p,1,0
944,41004035,,p,1,0
945,41005001,,p,1,0
946,41005006,,p,1,0
947,41005011,,p,1,0
948,41005014,,p,1,0
949,41005021,,p,1,0
950,41005025,,p,1,0
951,41005030,,p,1,0
952,41005033,,p,1,0
953,41005035,,p,1,0
954,41005037,,p,1,0
955,41005039,,p,1,0
956,41006001,,p,1,0
957,41006004,,p,1,0
958,41006006,9,p,1,0
959,41006010,,p,1,0
960,41006012,,p,1,0
961,41006014,,p,1,0
962,41006017,,p,1,0
963,41006021,,p,1,0
964,41006024,,p,1,0
965,41006027,,p,1,0
966,41006029,,p,1,0
967,41006030,,p,1,0
968,41006033,,p,1,0
969,41006035,,p,1,0
970,41006038,,p,1,0
971,41006041,,p,1,0
972,41006045,,p,1,0
973,41006047,,p,1,0
974,41006049,,p,1,0
975,41006053,,p,1,0
976,41007001,,p,1,0
977,41007006,20,qml,0,0
978,41007006,20,in,0,0
979,41007006,27,in*,0,0
980,41007006,27,in,0,0
981,41007006,-1,in*,0,0
982,41007007,,in,0,0
983,41007007,5,in*,0,0
984,41007007,5,in,0,0
985,41007007,-1,in*,0,0
986,41007007,-1,qml*,0,0
987,41007009,,p,1,0
988,41007014,,p,1,0
989,41007017,,p,1,0
990,41007024,,p,1,0
991,41007028,,p,1,0
992,41007031,,p,1,0
993,41008001,,p,1,0
994,41008004,,p,1,0
995,41008010,,p,1,0
996,41008022,,p,1,0
997,41008027,,p,1,0
998,41008034,,p,1,0
999,41009001,,p,1,0
1000,41009005,,p,1,0
1001,41009009,,p,1,0
1002,41009014,,p,1,0
1003,41009019,,p,1,0
1004,41009025,,p,1,0
1005,41009028,,p,1,0
1006,41009030,,p,1,0
1007,41009033,,p,1,0
1008,41009038,,p,1,0
1009,41009042,,p,1,0
1010,41010001,,p,1,0
1011,41010010,,p,1,0
1012,41010013,,p,1,0
1013,41010017,,p,1,0
1014,41010020,,p,1,0
1015,41010023,,p,1,0
1017,41010028,,p,1,0
1018,41010032,,p,1,0
1019,41010035,,p,1,0
1020,41010041,,p,1,0
1021,41010046,,p,1,0
1022,41010047,,p,1,0
1023,41010049,,p,1,0
1024,41011001,,p,1,0
1025,41011004,,p,1,0
1026,41011008,,p,1,0
1027,41011011,,p,1,0
1028,41011015,,p,1,0
1029,41011018,,p,1,0
1030,41011020,,p,1,0
1031,41011024,,p,1,0
1032,41011027,,p,1,0
1033,41012001,,p,1,0
1034,41012006,,p,1,0
1035,41012009,,p,1,0
1036,41012010,9,qml,0,0
1037,41012010,9,in,0,0
1038,41012010,16,in*,0,0
1039,41012010,16,in,0,0
1040,41012010,-1,in*,0,0
1041,41012011,,in,0,0
1042,41012011,-1,in*,0,0
1043,41012011,-1,qml*,0,0
1044,41012012,,p,1,0
1045,41012013,,p,1,0
1046,41012015,9,p,1,0
1047,41012018,,p,1,0
1049,41012024,,p,1,0
1050,41012028,,p,1,0
1051,41012032,,p,1,0
1052,41012034,,p,1,0
1053,41012035,,p,1,0
1054,41012036,11,q,0,1
1055,41012036,11,in,0,0
1056,41012036,23,in*,0,0
1057,41012036,23,in,0,0
1058,41012036,-1,in*,0,0
1059,41012036,-1,q*,0,0
1060,41012038,,p,1,0
1061,41012041,,p,1,0
1062,41013001,,p,1,0
1063,41013003,,p,1,0
1065,41013005,,p,1,0
1066,41013011,,p,1,0
1067,41013014,,p,1,0
1068,41013017,,p,1,0
1069,41013021,,p,1,0
1070,41013028,,p,1,0
1071,41013032,,p,1,0
1072,41013034,,p,1,0
1073,41014001,,p,1,0
1074,41014003,,p,1,0
1075,41014004,,p,1,0
1076,41014010,,p,1,0
1077,41014012,,p,1,0
1078,41014017,,p,1,0
1079,41014022,,p,1,0
1080,41014027,,p,1,0
1081,41014027,17,q,0,1
1082,41014027,17,in,0,0
1083,41014027,21,in*,0,0
1084,41014027,21,in,0,0
1085,41014027,-1,in*,0,0
1086,41014027,-1,q*,0,0
1089,41014031,,p,1,0
1090,41014032,,p,1,0
1091,41014037,,p,1,0
1092,41014039,,p,1,0
1093,41014043,,p,1,0
1094,41014048,,p,1,0
1095,41014050,,p,1,0
1096,41014053,,p,1,0
1097,41014055,,p,1,0
1098,41014060,,p,1,0
1099,41014062,,p,1,0
1100,41014063,,p,1,0
1101,41014064,11,p,1,0
1102,41014066,,p,1,0
1103,41014069,,p,1,0
1104,41015001,,p,1,0
1105,41015006,,p,1,0
1107,41015009,,p,1,0
1108,41015012,,p,1,0
1109,41015016,,p,1,0
1110,41015021,,p,1,0
1111,41015029,,p,1,0
1112,41015033,,p,1,0
1113,41015036,,p,1,0
1114,41015037,,p,1,0
1115,41015042,,p,1,0
1116,41015046,,p,1,0
1117,41016001,,p,1,0
1118,41016005,,p,1,0
1119,41016009,,p,1,0
1120,41016012,,p,1,0
1121,41016014,,p,1,0
1122,41016019,,p,1,0
1123,41001004,,p,1,0
1124,45003005,,p,1,0
1125,45003019,,p,1,0
1126,45004009,,p,1,0
1127,45008037,,p,1,0
1128,45009027,,p,1,0
1129,45009030,,p,1,0
1131,45010019,,p,1,0
1132,45011011,,p,1,0
1133,45011028,,p,1,0
1134,45015013,,p,1,0
1135,45015022,,p,1,0
1136,48004027,-1,in*,0,0
1137,49004008,-1,in*,0,0
1138,66005011,,p,1,0
1139,66005013,,p,1,0
1140,66005014,,p,1,0
1141,66007011,,p,1,0
1142,66015005,,p,1,0
1143,52001001,20,p,1,0
1145,41014029,,p,1,0
1146,51004018,14,p,1,0
1147,58001001,,p,1,0
1148,58001005,,p,1,0
1149,58001005,9,q,0,1
1150,58001005,9,in,0,0
1151,58001005,13,in*,0,0
1152,58001005,13,in,0,0
1153,58001005,18,in*,0,0
1154,58001005,18,q*,0,0
1155,58001005,21,q,0,1
1156,58001005,21,in,0,0
1159,58001005,-1,in*,0,0
1160,58001005,-1,q*,0,0
1161,58001006,,p,1,0
1163,58001007,,p,1,0
1164,58001007,8,q,0,1
1165,58001007,8,in,0,0
1166,58001007,15,in*,0,0
1167,58001007,15,in,0,0
1169,58001007,-1,in*,0,0
1170,58001007,-1,q*,0,0
1171,58001008,6,qml,0,0
1172,58001008,6,in,0,0
1173,58001008,18,in*,0,0
1174,58001008,18,in,0,0
1175,58001008,-1,in*,0,0
1176,58001009,,in,0,0
1177,58001009,7,in*,0,0
1178,58001009,7,in,0,0
1179,58001009,-1,in*,0,0
1180,58001009,-1,qml*,0,0
1181,58001010,3,qml,0,0
1182,58001010,3,in,0,0
1183,58001010,12,in*,0,0
1184,58001010,12,in,0,0
1185,58001010,-1,in*,0,0
1186,58001011,,in,0,0
1187,58001011,6,in*,0,0
1188,58001011,6,in,0,0
1189,58001011,-1,in*,0,0
1190,58001012,,in,0,0
1191,58001012,8,in*,0,0
1192,58001012,8,in,0,0
1193,58001012,14,in*,0,0
1194,58001012,14,in,0,0
1195,58001012,19,in*,0,0
1196,58001012,19,in,0,0
1197,58001012,-1,in*,0,0
1198,58001012,-1,qml*,0,0
1199,58001013,,p,1,0
1200,58001013,10,q,0,1
1201,58001013,10,in,0,0
1202,58001013,-1,in*,0,0
1203,58001013,-1,q*,0,0
1204,58002001,,p,1,0
1205,58002005,,p,1,0
1208,58002006,16,in*,0,0
1209,58002006,16,in,0,0
1211,58002006,-1,in*,0,0
1212,58002007,,in,0,0
1213,58002007,8,in*,0,0
1214,58002007,8,in,0,0
1215,58002007,14,in*,0,0
1216,58002007,14,in,0,0
1217,58002007,-1,in*,0,0
1218,58002008,,in,0,0
1219,58002008,8,in*,0,0
1220,58002008,8,qml*,0,0
1221,58002008,8,p,1,0
1222,58002012,3,q,0,1
1223,58002012,3,in,0,0
1224,58002012,12,in*,0,0
1225,58002012,12,in,0,0
1226,58002012,-1,in*,0,0
1227,58002012,-1,q*,0,0
1228,58002013,4,q,0,1
1229,58002013,9,q*,0,0
1231,58002013,12,q,0,1
1232,58002013,12,in,0,0
1233,58002013,-1,in*,0,0
1234,58002013,-1,q*,0,0
1235,58002013,4,in,0,0
1237,58002013,9,in*,0,0
1238,58002014,,p,1,0
1239,58003001,,p,1,0
1240,58003007,9,qml,0,0
1241,58003007,9,in,0,0
1242,58003007,-1,in*,0,0
1243,58003008,,in,0,0
1244,58003008,11,in*,0,0
1245,58003008,11,in,0,0
1246,58003008,-1,in*,0,0
1247,58003009,,in,0,0
1248,58003009,10,in*,0,0
1249,58003009,10,in,0,0
1250,58003009,-1,in*,0,0
1251,58003010,,in,0,0
1252,58003010,9,in*,0,0
1253,58003010,9,in,0,0
1254,58003010,15,in*,0,0
1255,58003010,15,in,0,0
1256,58003010,-1,in*,0,0
1257,58003011,,in,0,0
1258,58003011,7,in*,0,0
1259,58003011,7,in,0,0
1260,58003011,-1,in*,0,0
1261,58003011,-1,qml*,0,0
1262,58003012,,p,1,0
1263,58003015,6,q,0,1
1264,58003015,6,in,0,0
1265,58003015,13,in*,0,0
1266,58003015,13,in,0,0
1267,58003015,-1,in*,0,0
1268,58003015,-1,q*,0,0
1269,58003016,,p,1,0
1270,58004001,,p,1,0
1271,58004003,12,q,0,1
1272,58004003,12,in,0,0
1273,58004003,18,in*,0,0
1274,58004003,18,in,0,0
1275,58004003,24,in*,0,0
1276,58004003,24,q*,0,0
1277,58004005,6,q,0,1
1278,58004005,-1,in*,0,0
1279,58004007,15,q,0,1
1280,58004007,15,in,0,0
1281,58004007,22,in*,0,0
1282,58004007,22,in,0,0
1283,58004007,-1,in*,0,0
1284,58004007,-1,q*,0,0
1285,58004006,,p,1,0
1286,58004009,,p,1,0
1287,58004011,,p,1,0
1288,58005001,,p,1,0
1289,58005004,,p,1,0
1290,58005005,19,q,0,1
1291,58005005,-1,in*,0,0
1292,58005005,19,in,0,0
1293,58005005,23,in*,0,0
1294,58005005,23,in,0,0
1295,58005005,-1,q*,0,0
1297,58005006,-1,in*,0,0
1299,58006001,,p,1,0
1300,58006004,,p,1,0
1301,58006009,,p,1,0
1302,58006013,,p,1,0
1303,58006016,,p,1,0
1304,58007001,,p,1,0
1305,58007004,,p,1,0
1306,58007007,,p,1,0
1307,58007011,,p,1,0
1308,58007017,5,q,0,1
1309,58007017,5,in,0,0
1310,58007017,-1,in*,0,0
1311,58007017,-1,q*,0,0
1312,58007021,12,q,0,1
1313,58007021,12,in,0,0
1314,58007021,20,in*,0,0
1315,58007021,20,in,0,0
1316,58007021,-1,in*,0,0
1317,58007021,-1,q*,0,0
1318,58007023,,p,1,0
1319,58007026,,p,1,0
1320,58008001,,p,1,0
1321,58008003,,p,1,0
1322,58008008,7,qml,0,0
1323,58008008,7,in,0,0
1324,58008008,14,in*,0,0
1325,58008008,14,in,0,0
1327,58008008,-1,in*,0,0
1328,58008009,,in,0,0
1329,58008009,11,in*,0,0
1330,58008009,11,in,0,0
1331,58008009,20,in*,0,0
1332,58008009,20,in,0,0
1333,58008009,27,in*,0,0
1334,58008009,27,in,0,0
1335,58008009,36,in*,0,0
1336,58008009,36,in,0,0
1337,58008009,-1,in*,0,0
1338,58008010,,in,0,0
1339,58008010,19,in*,0,0
1340,58008010,19,in,0,0
1341,58008010,26,in*,0,0
1342,58008010,26,in,0,0
1343,58008010,33,in*,0,0
1344,58008010,33,in,0,0
1345,58008010,39,in*,0,0
1346,58008010,39,in,0,0
1347,58008010,-1,in*,0,0
1348,58008011,,in,0,0
1351,58008011,19,in*,0,0
1352,58008011,19,in,0,0
1353,58008011,24,in*,0,0
1354,58008011,24,in,0,0
1355,58008011,-1,in*,0,0
1356,58008012,,in,0,0
1357,58008012,9,in*,0,0
1358,58008012,9,in,0,0
1359,58008012,-1,in*,0,0
1360,58008012,-1,qml*,0,0
1361,58008013,,p,1,0
1362,58009001,,p,1,0
1363,58009003,,p,1,0
1364,58009011,,p,1,0
1365,58009018,,p,1,0
1366,58009023,,p,1,0
1367,58010001,,p,1,0
1368,58010005,8,qml,0,0
1369,58010005,,p,1,0
1370,58010005,8,in,0,0
1371,58010005,13,in*,0,0
1372,58010005,13,in,0,0
1373,58010005,-1,in*,0,0
1374,58010006,,in,0,0
1375,58010006,-1,in*,0,0
1376,58010007,,in,0,0
1377,58010007,5,in*,0,0
1378,58010007,5,in,0,0
1379,58010007,14,in*,0,0
1380,58010007,14,in,0,0
1381,58010007,-1,in*,0,0
1382,58010007,-1,qml*,0,0
1383,58010019,,p,1,0
1384,58010026,,p,1,0
1385,58010032,,p,1,0
1386,58010035,,p,1,0
1387,58011001,,p,1,0
1388,58011004,,p,1,0
1389,58011005,,p,1,0
1390,58011007,,p,1,0
1391,58011011,,p,1,0
1392,58011013,,p,1,0
1393,58011020,,p,1,0
1394,58011017,,p,1,0
1395,58011021,,p,1,0
1396,58011022,,p,1,0
1397,58011024,,p,1,0
1398,58011027,,p,1,0
1399,58011029,,p,1,0
1400,58011030,,p,1,0
1402,58011031,,p,1,0
1403,58012001,,p,1,0
1404,58012003,,p,1,0
1405,58012004,,p,1,0
1406,58012005,12,qml,0,0
1407,58012005,12,in,0,0
1408,58012005,22,in*,0,0
1409,58012005,22,in,0,0
1410,58012005,-1,in*,0,0
1411,58012006,,in,0,0
1412,58012006,7,in*,0,0
1413,58012006,7,in,0,0
1414,58012006,-1,in*,0,0
1415,58012006,-1,qml*,0,0
1416,58012007,,p,1,0
1417,58012014,,p,1,0
1418,58012022,,p,1,0
1419,58012025,,p,1,0
1420,58013001,,p,1,0
1427,58013007,,p,1,0
1428,58013010,,p,1,0
1429,58013016,,p,1,0
1430,58013018,,p,1,0
1431,58013020,,p,1,0
1432,58013022,,p,1,0
1433,58013024,,p,1,0
1434,58013025,,p,1,0
1435,58005006,10,q,0,1
1436,58005006,10,in,0,0
1437,58005006,-1,q*,0,0
1438,58013005,16,q,0,1
1439,58013005,16,in,0,0
1440,58013005,20,in*,0,0
1441,58013005,20,in,0,0
1442,58013005,-1,in*,0,0
1443,58013005,-1,q*,0,0
1444,59001001,,p,1,0
1445,59001005,,p,1,0
1446,59001009,,p,1,0
1447,59001012,,p,1,0
1448,59001014,,p,1,0
1449,59001019,,p,1,0
1450,59002001,,p,1,0
1451,59002005,,p,1,0
1452,59002008,,p,1,0
1453,59002014,,p,1,0
1454,59002018,,p,1,0
1455,59002020,,p,1,0
1456,59002025,,p,1,0
1457,59003001,,p,1,0
1459,59003007,,p,1,0
1460,59003010,,p,1,0
1461,59003017,,p,1,0
1462,59004001,,p,1,0
1463,59004007,,p,1,0
1464,59004011,,p,1,0
1465,59004013,,p,1,0
1466,59005001,,p,1,0
1467,59005007,,p,1,0
1468,59005010,,p,1,0
1469,59005012,,p,1,0
1471,59005019,,p,1,0
1472,60001001,,p,1,0
1474,60001010,,p,1,0
1475,60001013,,p,1,0
1476,60001017,,p,1,0
1477,60001022,,p,1,0
1478,60001024,2,qml,0,0
1479,60001024,2,in,0,0
1480,60001024,6,in*,0,0
1481,60001024,6,in,0,0
1482,60001024,17,in*,0,0
1483,60001024,17,in,0,0
1484,60001024,20,in*,0,0
1485,60001024,20,in,0,0
1486,60001024,-1,in*,0,0
1487,60001025,,in,0,0
1488,60001025,12,in*,0,0
1489,60001025,12,qml*,0,0
1490,60002001,,p,1,0
1491,60002006,,p,1,0
1492,60002007,,p,1,0
1493,60002009,,p,1,0
1494,60002011,,p,1,0
1495,60002013,,p,1,0
1496,60002018,,p,1,0
1497,60003001,,p,1,0
1498,60003007,,p,1,0
1499,60003010,2,qml,0,0
1500,60003010,2,in,0,0
1501,60003010,11,in*,0,0
1502,60003010,11,in,0,0
1503,60003010,18,in*,0,0
1504,60003010,18,in,0,0
1505,60003010,-1,in*,0,0
1506,60003011,,in,0,0
1507,60003011,9,in*,0,0
1508,60003011,9,in,0,0
1509,60003011,-1,in*,0,0
1510,60003012,,in,0,0
1511,60003012,11,in*,0,0
1512,60003012,11,in,0,0
1513,60003012,17,in*,0,0
1514,60003012,17,in,0,0
1515,60003012,-1,in*,0,0
1516,60003012,-1,qml*,0,0
1517,60003013,,p,1,0
1518,60004001,,p,1,0
1519,60004012,,p,1,0
1520,60005001,,p,1,0
1521,60005005,,p,1,0
1522,60005008,,p,1,0
1523,60005012,,p,1,0
1524,60005013,,p,1,0
1525,60003008,,p,1,0
1526,60004007,,p,1,0
1527,61001001,,p,1,0
1528,61001002,,p,1,0
1529,61001010,,p,1,0
1530,61001012,,p,1,0
1531,61001019,,p,1,0
1532,61001016,,p,1,0
1533,61002001,,p,1,0
1535,61002013,5,p,1,0
1536,61002015,,p,1,0
1537,61002017,,p,1,0
1538,61003001,,p,1,0
1539,61003008,,p,1,0
1540,61003010,,p,1,0
1541,61003014,,p,1,0
1542,61003018,15,p,1,0
1543,62001001,,p,1,0
1544,62001005,,p,1,0
1545,62001006,,p,1,0
1546,62001008,,p,1,0
1547,62002001,,p,1,0
1548,62002003,,p,1,0
1549,62002005,17,p,1,0
1550,62002012,,p,1,0
1551,62002015,,p,1,0
1552,62002018,,p,1,0
1553,62002021,,p,1,0
1554,62002026,,p,1,0
1555,62002028,,p,1,0
1556,62003001,,p,1,0
1557,62003004,,p,1,0
1558,62003007,,p,1,0
1559,62003013,,p,1,0
1560,62003016,,p,1,0
1561,62003019,,p,1,0
1562,62003023,,p,1,0
1563,62004001,,p,1,0
1564,62004011,,p,1,0
1565,62004017,,p,1,0
1566,62005001,,p,1,0
1567,62005005,,p,1,0
1568,62005009,,p,1,0
1569,62005018,,p,1,0
1570,62005021,,p,1,0
1571,63001001,,p,1,0
1572,63001003,,p,1,0
1573,63001004,,p,1,0
1574,63001009,,p,1,0
1575,64001001,,p,1,0
1576,64001005,,p,1,0
1577,64001009,,p,1,0
1579,64001011,,p,1,0
1580,65001001,,p,1,0
1581,65001002,,p,1,0
1582,65001005,,p,1,0
1583,65001008,,p,1,0
1584,65001011,,p,1,0
1585,65001012,,p,1,0
1586,65001017,,p,1,0
1587,65001003,,p,1,0
1588,49005008,14,p,1,0
1589,40001001,,p,1,0
1591,40001002,,p,1,0
1592,40001012,,p,1,0
1593,40001017,,p,1,0
1594,40001018,,p,1,0
1595,40001020,,p,1,0
1596,40001022,,p,1,0
1597,40001023,,q,0,1
1598,40001023,,in,0,0
1599,40001023,8,in*,0,0
1600,40001023,8,in,0,0
1601,40001023,13,in*,0,0
1602,40001023,13,in,0,0
1603,40001023,20,in*,0,0
1604,40001023,20,q*,0,0
1605,40001024,,p,1,0
1606,40002001,,p,1,0
1607,40002003,,p,1,0
1608,40002006,,q,0,1
1609,40002006,,in,0,0
1610,40002006,6,in*,0,0
1611,40002006,6,in,0,0
1612,40002006,14,in*,0,0
1613,40002006,14,in,0,0
1614,40002006,21,in*,0,0
1615,40002006,21,in,0,0
1616,40002006,-1,in*,0,0
1617,40002006,-1,q*,0,0
1618,40002007,,p,1,0
1619,40002009,,p,1,0
1620,40002013,,p,1,0
1621,40002014,,p,1,0
1622,40002016,,p,1,0
1623,40002018,,q,0,1
1624,40002018,,in,0,0
1625,40002018,7,in*,0,0
1626,40002018,7,in,0,0
1627,40002018,12,in*,0,0
1628,40002018,12,in,0,0
1629,40002018,18,in*,0,0
1630,40002018,18,in,0,0
1631,40002018,-1,in*,0,0
1632,40002018,-1,q*,0,0
1633,40002019,,p,1,0
1634,40002021,,p,1,0
1635,40003001,,p,1,0
1636,40003003,13,q,0,1
1637,40003003,13,in,0,0
1638,40003003,20,in*,0,0
1639,40003003,20,in,0,0
1640,40003003,26,in*,0,0
1641,40003003,26,in,0,0
1642,40003003,-1,in*,0,0
1643,40003003,-1,q*,0,0
1644,40003004,,p,1,0
1645,40003005,,p,1,0
1646,40003007,,p,1,0
1647,40003010,,p,1,0
1648,40003013,,p,1,0
1649,40003016,,p,1,0
1650,40004001,,p,1,0
1651,40004005,,p,1,0
1652,40004006,18,q,0,1
1653,40004006,25,in*,0,0
1654,40004006,26,q,0,1
1655,40004006,26,in,0,0
1656,40004006,31,in*,0,0
1657,40004006,31,in,0,0
1658,40004006,-1,in*,0,0
1659,40004006,-1,q*,0,0
1660,40004007,,p,1,0
1661,40004008,,p,1,0
1662,40004010,11,q,0,1
1663,40004010,11,in,0,0
1664,40004010,17,in*,0,0
1665,40004010,17,in,0,0
1666,40004010,-1,in*,0,0
1667,40004010,-1,q*,0,0
1668,40004010,,p,1,0
1669,40004011,,p,1,0
1670,40004015,,qml,0,0
1671,40004015,,in,0,0
1672,40004015,10,in*,0,0
1673,40004015,10,in,0,0
1674,40004015,19,in*,0,0
1675,40004015,19,in,0,0
1676,40004015,-1,in*,0,0
1677,40004016,,in,0,0
1678,40004016,12,in*,0,0
1679,40004016,12,in,0,0
1680,40004016,-1,in*,0,0
1681,40004016,-1,qml*,0,0
1682,40004017,,p,1,0
1683,40004018,,p,1,0
1684,40004021,,p,1,0
1685,40004023,,p,1,0
1686,40004024,,p,1,0
1687,40005001,,p,1,0
1688,40005003,,p,1,0
1689,40005004,,p,1,0
1690,40005005,,p,1,0
1691,40005006,,p,1,0
1692,40005007,,p,1,0
1693,40005008,,p,1,0
1694,40005009,,p,1,0
1695,40005010,,p,1,0
1696,40005011,,p,1,0
1697,40005013,,p,1,0
1698,40005014,,p,1,0
1699,40005019,,p,1,0
1700,40005021,,p,1,0
1701,40005023,,p,1,0
1702,40005025,,p,1,0
1703,40005027,,p,1,0
1704,40005031,,p,1,0
1705,40005033,,p,1,0
1706,40005038,,p,1,0
1707,40005043,,p,1,0
1708,40006001,,p,1,0
1709,40006005,,p,1,0
1710,40006006,,p,1,0
1711,40006009,,p,1,0
1712,40006014,,p,1,0
1713,40006019,,p,1,0
1714,40006022,,p,1,0
1715,40006024,,p,1,0
1716,40006025,,p,1,0
1717,40006026,,p,1,0
1718,40006027,,p,1,0
1719,40006031,,p,1,0
1720,40007001,,p,1,0
1721,40007003,,p,1,0
1722,40007006,,p,1,0
1723,40007007,,p,1,0
1724,40007009,,p,1,0
1725,40007011,,p,1,0
1726,40007013,,p,1,0
1727,40007015,,p,1,0
1728,40007016,,p,1,0
1729,40007024,,p,1,0
1730,40008001,,p,1,0
1731,40008005,,p,1,0
1732,40008008,,p,1,0
1733,40008013,,p,1,0
1734,40008014,,p,1,0
1735,40008016,,p,1,0
1737,40008018,,p,1,0
1738,40008020,,p,1,0
1739,40008021,,p,1,0
1740,40008023,,p,1,0
1741,40008028,,p,1,0
1742,40008030,,p,1,0
1743,40008031,,p,1,0
1744,40008033,,p,1,0
1745,40009001,,p,1,0
1746,40009002,,p,1,0
1747,40009004,,p,1,0
1748,40009008,,p,1,0
1749,40009009,,p,1,0
1750,40009010,,p,1,0
1751,40009014,,p,1,0
1752,40009016,,p,1,0
1753,40009018,,p,1,0
1754,40009020,,p,1,0
1755,40009023,,p,1,0
1756,40009027,,p,1,0
1757,40009032,,p,1,0
1758,40009035,,p,1,0
1759,40010001,,p,1,0
1760,40010005,,p,1,0
1761,40010011,,p,1,0
1762,40010019,,p,1,0
1763,40010021,,p,1,0
1764,40010024,,p,1,0
1765,40010028,,p,1,0
1766,40010032,,p,1,0
1767,40010034,,p,1,0
1768,40010037,,p,1,0
1769,40011001,,p,1,0
1770,40011002,,p,1,0
1771,40011004,,p,1,0
1772,40011011,,p,1,0
1773,40011020,,p,1,0
1774,40011023,,p,1,0
1775,40011027,,p,1,0
1776,40012001,,p,1,0
1777,40012003,,p,1,0
1778,40012005,,p,1,0
1779,40012009,,p,1,0
1780,40012014,,p,1,0
1781,40012018,,qml,0,0
1782,40012018,,in,0,0
1783,40012018,7,in*,0,0
1784,40012018,7,in,0,0
1785,40012018,17,in*,0,0
1786,40012018,17,in,0,0
1787,40012018,24,in*,0,0
1788,40012018,24,in,0,0
1789,40012018,-1,in*,0,0
1790,40012019,,in,0,0
1791,40012019,6,in*,0,0
1792,40012019,6,in,0,0
1793,40012019,-1,in*,0,0
1794,40012020,,in,0,0
1795,40012020,7,in*,0,0
1796,40012020,7,in,0,0
1797,40012020,13,in*,0,0
1798,40012020,13,in,0,0
1799,40012020,-1,in*,0,0
1800,40012021,,in,0,0
1801,40012021,-1,in*,0,0
1802,40012021,-1,qml*,0,0
1803,40012022,,p,1,0
1804,40012024,,p,1,0
1805,40012027,,p,1,0
1806,40012028,,p,1,0
1807,40012031,,p,1,0
1808,40012033,,p,1,0
1809,40012034,,p,1,0
1810,40012038,,p,1,0
1811,40012041,,p,1,0
1812,40012042,,p,1,0
1813,40012043,,p,1,0
1814,40012046,,p,1,0
1815,40013001,,p,1,0
1816,40013003,,p,1,0
1817,40013010,,p,1,0
1818,40013014,11,qml,0,0
1819,40013014,11,in,0,0
1820,40013014,18,in*,0,0
1821,40013014,18,in,0,0
1822,40013014,-1,in*,0,0
1823,40013015,,in,0,0
1824,40013015,9,in*,0,0
1825,40013015,9,in,0,0
1826,40013015,16,in*,0,0
1827,40013015,16,in,0,0
1828,40013015,21,in*,0,0
1829,40013015,21,in,0,0
1830,40013015,29,in*,0,0
1831,40013015,29,in,0,0
1832,40013015,34,in*,0,0
1833,40013015,34,in,0,0
1834,40013015,39,in*,0,0
1835,40013015,39,in,0,0
1836,40013015,41,in*,0,0
1837,40013015,41,in,0,0
1838,40013015,-1,in*,0,0
1839,40013015,-1,qml*,0,0
1840,40013016,,p,1,0
1841,40013024,,p,1,0
1842,40013027,,p,1,0
1843,40013031,,p,1,0
1844,40013033,,p,1,0
1845,40013034,,p,1,0
1846,40013036,,p,1,0
1847,40013044,,p,1,0
1848,40013047,,p,1,0
1849,40013045,,p,1,0
1850,40013052,,p,1,0
1851,40013057,5,p,1,0
1852,40014001,,p,1,0
1853,40014006,,p,1,0
1854,40014009,,p,1,0
1855,40014011,,p,1,0
1856,40014013,,p,1,0
1857,40014016,,p,1,0
1858,40014022,,p,1,0
1859,40014028,,p,1,0
1860,40014034,,p,1,0
1861,40015001,,p,1,0
1862,40015008,,qml,0,0
1863,40015008,,in,0,0
1864,40015008,8,in*,0,0
1865,40015008,8,in,0,0
1866,40015008,-1,in*,0,0
1867,40015009,,in,0,0
1868,40015009,5,in*,0,0
1869,40015009,5,in,0,0
1870,40015009,-1,in*,0,0
1871,40015009,-1,qml*,0,0
1872,40015015,,p,1,0
1873,40015021,,p,1,0
1874,40015024,,p,1,0
1875,40015028,,p,1,0
1876,40015029,,p,1,0
1877,40015032,,p,1,0
1878,40015035,,p,1,0
1879,40016001,,p,1,0
1880,40016002,,p,1,0
1881,40016005,,p,1,0
1882,40016007,,p,1,0
1883,40016015,,p,1,0
1884,40016017,,p,1,0
1885,40016021,,p,1,0
1886,40016024,,p,1,0
1887,40017001,,p,1,0
1888,40017003,,p,1,0
1890,40017006,,p,1,0
1891,40017009,,p,1,0
1892,40017010,,p,1,0
1893,40017014,,p,1,0
1894,40017017,,p,1,0
1895,40017022,,p,1,0
1896,40017024,,p,1,0
1897,40017025,,p,1,0
1898,40018001,,p,1,0
1899,40018007,,p,1,0
1900,40018009,,p,1,0
1901,40018010,,p,1,0
1902,40018012,,p,1,0
1903,40018018,,p,1,0
1904,40018019,,p,1,0
1905,40018021,,p,1,0
1906,40018031,,p,1,0
1907,40018032,,p,1,0
1908,40018035,,p,1,0
1909,40019001,,p,1,0
1910,40019003,,p,1,0
1911,40019004,,p,1,0
1912,40019007,,p,1,0
1913,40019008,,p,1,0
1915,40019010,,p,1,0
1916,40019013,,p,1,0
1918,40019016,,p,1,0
1919,40019018,,p,1,0
1920,40019018,4,p,1,0
1921,40019020,,p,1,0
1922,40019021,,p,1,0
1923,40019022,,p,1,0
1924,40019023,,p,1,0
1925,40019025,,p,1,0
1926,40019027,,p,1,0
1927,40019028,,p,1,0
1928,40020001,,p,1,0
1929,40020003,,p,1,0
1930,40020006,,p,1,0
1931,40020008,,p,1,0
1932,40020009,,p,1,0
1933,40020017,,p,1,0
1934,40020020,,p,1,0
1935,40020022,,p,1,0
1936,40020029,,p,1,0
1937,40020032,,p,1,0
1939,40020034,,p,1,0
1940,40021001,,p,1,0
1941,40021005,,q,0,1
1942,40021005,,in,0,0
1943,40021005,6,in*,0,0
1944,40021005,6,in,0,0
1945,40021005,12,in*,0,0
1946,40021005,12,in,0,0
1947,40021005,18,in*,0,0
1948,40021005,18,in,0,0
1949,40021005,-1,in*,0,0
1950,40021005,-1,q*,0,0
1951,40021006,,p,1,0
1952,40021008,,p,1,0
1953,40021010,,p,1,0
1954,40021014,,p,1,0
1955,40021018,,p,1,0
1956,40021020,,p,1,0
1957,40021023,,p,1,0
1958,40021024,,p,1,0
1959,40021025,13,p,1,0
1961,40021028,,p,1,0
1962,40021033,,p,1,0
1963,40021037,,p,1,0
1964,40021042,,p,1,0
1965,40021042,11,q,0,1
1966,40021042,11,in,0,0
1967,40021042,18,in*,0,0
1968,40021042,18,in,0,0
1969,40021042,26,in*,0,0
1970,40021042,26,in,0,0
1971,40021042,-1,in*,0,0
1972,40021042,-1,q*,0,0
1973,40021045,,p,1,0
1974,40022001,,p,1,0
1975,40022008,,p,1,0
1976,40022011,,p,1,0
1977,40022015,,p,1,0
1978,40022021,5,p,1,0
1979,40022021,,p,1,0
1980,40022023,,p,1,0
1981,40022029,,p,1,0
1982,40022041,,p,1,0
1983,40022042,11,p,1,0
1984,40022044,,q,0,1
1985,40022044,-1,in*,0,0
1986,40022044,,in,0,0
1987,40022044,13,in*,0,0
1988,40022044,13,in,0,0
1989,40022044,-1,q*,0,0
1990,40022046,,p,1,0
1991,40023001,,p,1,0
1992,40023004,,p,1,0
1993,40023008,,p,1,0
1994,40023011,,p,1,0
1995,40023013,,p,1,0
1996,40023015,,p,1,0
1997,40023016,,p,1,0
1998,40023023,,p,1,0
1999,40023025,,p,1,0
2000,40023027,,p,1,0
2001,40023033,,p,1,0
2002,40023037,,p,1,0
2003,40024001,,p,1,0
2004,40024003,,p,1,0
2005,40024004,,p,1,0
2006,40024009,,p,1,0
2007,40024015,,p,1,0
2008,40024019,,p,1,0
2009,40024023,,p,1,0
2010,40024026,,p,1,0
2011,40024029,,p,1,0
2012,40024031,,p,1,0
2013,40024032,,p,1,0
2014,40024034,,p,1,0
2015,40024037,,p,1,0
2016,40024043,,p,1,0
2017,40024045,,p,1,0
2018,40025001,,p,1,0
2019,40025006,,p,1,0
2020,40025011,,p,1,0
2021,40025013,,p,1,0
2022,40025016,,p,1,0
2023,40025019,,p,1,0
2024,40025022,,p,1,0
2025,40025031,,p,1,0
2026,40025034,,p,1,0
2027,40025041,,p,1,0
2029,40025044,,p,1,0
2030,40025045,,p,1,0
2031,40026001,,p,1,0
2032,40026003,,p,1,0
2033,40026006,,p,1,0
2034,40026010,,p,1,0
2035,40026014,,p,1,0
2036,40026017,,p,1,0
2037,40026018,,p,1,0
2038,40026020,,p,1,0
2039,40026025,,p,1,0
2040,40026025,14,p,1,0
2041,40026026,,p,1,0
2042,40026031,,p,1,0
2043,40026031,18,q,0,1
2044,40026031,18,in,0,0
2045,40026031,22,in*,0,0
2046,40026031,22,in,0,0
2048,40026031,-1,in*,0,0
2049,40026031,-1,q*,0,0
2050,40026033,,p,1,0
2051,40026034,,p,1,0
2052,40026035,,p,1,0
2053,40026036,,p,1,0
2054,40026042,,p,1,0
2055,40026044,,p,1,0
2056,40026046,,p,1,0
2057,40026049,,p,1,0
2058,40026051,,p,1,0
2059,40026055,,p,1,0
2060,40026057,,p,1,0
2061,40026059,,p,1,0
2062,40026062,,p,1,0
2063,40026064,,p,1,0
2064,40026066,4,p,1,0
2065,40026065,,p,1,0
2066,40026069,,p,1,0
2067,40026071,,p,1,0
2068,40026073,,p,1,0
2069,40026074,12,p,1,0
2070,40027001,,p,1,0
2071,40027003,,p,1,0
2072,40027004,6,p,1,0
2073,40027005,,p,1,0
2074,40027006,,p,1,0
2075,40027009,11,qml,0,0
2076,40027009,11,in,0,0
2077,40027009,16,in*,0,0
2078,40027009,16,in,0,0
2079,40027009,20,in*,0,0
2080,40027009,20,in,0,0
2081,40027009,-1,in*,0,0
2082,40027010,,in,0,0
2083,40027010,9,in*,0,0
2084,40027010,9,in,0,0
2085,40027010,-1,in*,0,0
2086,40027010,-1,qml*,0,0
2087,40027011,23,p,1,0
2088,40027011,,p,1,0
2089,40027012,,p,1,0
2090,40027013,,p,1,0
2091,40027014,,p,1,0
2092,40027019,,p,1,0
2093,40027020,,p,1,0
2095,40027021,,p,1,0
2096,40027022,,p,1,0
2098,40027023,,p,1,0
2099,40027023,11,p,1,0
2100,40027024,,p,1,0
2101,40027025,,p,1,0
2102,40027027,,p,1,0
2103,40027032,,p,1,0
2104,40027035,,p,1,0
2105,40027038,,p,1,0
2106,40027045,,p,1,0
2107,40027050,,p,1,0
2108,40027055,,p,1,0
2109,40027057,,p,1,0
2110,40027062,,p,1,0
2111,40027065,,p,1,0
2112,40027066,,p,1,0
2115,40028008,,p,1,0
2116,40028009,,p,1,0
2117,40028011,,p,1,0
2118,40028016,,p,1,0
2119,40004012,,p,1,0
2120,40005017,,p,1,0
2121,40006002,,p,1,0
2122,40006016,,p,1,0
2123,40007021,,p,1,0
2124,40007026,,p,1,0
2125,40007028,,p,1,0
2126,40008010,,p,1,0
2127,40010002,,p,1,0
2128,40010016,,p,1,0
2129,40010040,,p,1,0
2130,40011007,,p,1,0
2131,40011016,,p,1,0
2132,40011025,,p,1,0
2133,40012025,,p,1,0
2134,40012039,,p,1,0
2135,40013018,,p,1,0
2136,40013035,9,q,0,1
2137,40013035,9,in,0,0
2138,40013035,16,in*,0,0
2139,40013035,16,in,0,0
2140,40013035,-1,in*,0,0
2141,40013035,-1,q*,0,0
2142,40013053,,p,1,0
2143,40014015,,p,1,0
2144,40014024,,p,1,0
2145,40014030,,p,1,0
2146,40015003,,p,1,0
2147,40015010,,p,1,0
2148,40015012,,p,1,0
2149,40016013,,p,1,0
2150,40016023,,p,1,0
2151,40017019,,p,1,0
2152,40018015,,p,1,0
2153,40018023,,p,1,0
2154,40018028,,p,1,0
2155,40019009,,p,1,0
2156,40019011,,p,1,0
2157,40019017,,p,1,0
2158,40019026,,p,1,0
2159,40020024,,p,1,0
2160,40021012,,p,1,0
2161,40021015,,p,1,0
2162,40021021,,p,1,0
2163,40021041,,p,1,0
2164,40022018,,p,1,0
2165,40022034,,p,1,0
2166,40022037,,p,1,0
2167,40023029,,p,1,0
2168,40024048,,p,1,0
2169,40025024,,p,1,0
2170,40025026,,p,1,0
2171,40025037,,p,1,0
2172,40025040,,p,1,0
2173,40026023,,p,1,0
2174,40026040,,p,1,0
2175,40027033,,p,1,0
2176,40027039,,p,1,0
2177,40028005,,p,1,0
2178,42001001,,p,1,0
2179,42001005,,p,1,0
2180,42001013,,p,1,0
2181,42001018,,p,1,0
2182,42001021,,p,1,0
2183,42001019,,p,1,0
2184,42001024,,p,1,0
2185,42001026,,p,1,0
2187,42001034,,p,1,0
2188,42001038,,p,1,0
2189,42001039,,p,1,0
2190,42001046,,p,1,0
2191,42001046,5,qml,0,0
2192,42001046,5,in,0,0
2193,42001046,-1,in*,0,0
2194,42001047,,in,0,0
2195,42001047,-1,in*,0,0
2196,42001048,,in,0,0
2197,42001048,10,in*,0,0
2198,42001048,10,in,0,0
2199,42001048,-1,in*,0,0
2200,42001049,,in,0,0
2201,42001049,8,in*,0,0
2202,42001049,8,in,0,0
2203,42001049,-1,in*,0,0
2204,42001050,,in,0,0
2205,42001050,10,in*,0,0
2206,42001050,10,in,0,0
2208,42001050,-1,in*,0,0
2209,42001051,,in,0,0
2210,42001051,6,in*,0,0
2211,42001051,6,in,0,0
2212,42001051,-1,in*,0,0
2213,42001052,,in,0,0
2214,42001052,7,in*,0,0
2215,42001052,7,in,0,0
2216,42001052,-1,in*,0,0
2217,42001053,,in,0,0
2218,42001053,6,in*,0,0
2219,42001053,6,in,0,0
2220,42001053,-1,in*,0,0
2221,42001054,,in,0,0
2224,42001054,-1,in*,0,0
2225,42001055,,in,0,0
2226,42001055,7,in*,0,0
2227,42001055,7,in,0,0
2228,42001055,-1,in*,0,0
2229,42001055,-1,qml*,0,0
2230,42001056,,p,1,0
2231,42001057,,p,1,0
2232,42001059,,p,1,0
2233,42001065,,p,1,0
2234,42001067,,p,1,0
2235,42001068,,qml,0,0
2236,42001068,,in,0,0
2237,42001068,8,in*,0,0
2238,42001068,8,in,0,0
2239,42001068,-1,in*,0,0
2240,42001069,,in,0,0
2241,42001069,8,in*,0,0
2242,42001069,8,in,0,0
2243,42001069,-1,in*,0,0
2244,42001070,,in,0,0
2245,42001070,-1,in*,0,0
2246,42001071,,in,0,0
2247,42001071,5,in*,0,0
2248,42001071,5,in,0,0
2249,42001071,-1,in*,0,0
2250,42001072,,in,0,0
2251,42001072,8,in*,0,0
2252,42001072,8,in,0,0
2253,42001072,-1,in*,0,0
2254,42001073,,in,0,0
2255,42001073,-1,in*,0,0
2256,42001074,,in,0,0
2257,42001074,13,in*,0,0
2258,42001074,13,in,0,0
2259,42001074,-1,in*,0,0
2260,42001075,,in,0,0
2261,42001075,-1,in*,0,0
2262,42001076,,in,0,0
2263,42001076,11,in*,0,0
2264,42001076,11,in,0,0
2265,42001076,19,in*,0,0
2266,42001076,19,in,0,0
2267,42001076,-1,in*,0,0
2268,42001077,,in,0,0
2269,42001077,10,in*,0,0
2270,42001077,10,in,0,0
2271,42001077,-1,in*,0,0
2272,42001078,,in,0,0
2273,42001078,8,in*,0,0
2274,42001078,8,in,0,0
2275,42001078,-1,in*,0,0
2276,42001079,,in,0,0
2277,42001079,14,in*,0,0
2278,42001079,14,in,0,0
2279,42001079,-1,in*,0,0
2280,42001079,-1,qml*,0,0
2281,42001080,,p,1,0
2282,42002001,,p,1,0
2283,42002004,,p,1,0
2284,42002008,,p,1,0
2285,42002013,,p,1,0
2286,42002014,,q,0,1
2287,42002014,,in,0,0
2288,42002014,5,in*,0,0
2289,42002014,5,in,0,0
2290,42002014,9,in*,0,0
2291,42002014,9,in,0,0
2292,42002014,-1,in*,0,0
2293,42002014,-1,q*,0,0
2294,42002021,,p,1,0
2295,42002025,,p,1,0
2296,42002029,,qml,0,0
2297,42002029,,in,0,0
2298,42002029,9,in*,0,0
2299,42002029,9,in,0,0
2300,42002029,-1,in*,0,0
2301,42002030,,in,0,0
2302,42002030,-1,in*,0,0
2303,42002031,,in,0,0
2304,42002031,-1,in*,0,0
2305,42002032,,in,0,0
2306,42002032,-1,in*,0,0
2307,42002032,-1,qml*,0,0
2308,42002034,12,qml,0,0
2309,42002034,12,in,0,0
2312,42002034,-1,in*,0,0
2313,42002035,,in,0,0
2314,42002035,12,in*,0,0
2315,42002035,12,in,0,0
2316,42002035,-1,in*,0,0
2317,42002035,-1,qml*,0,0
2318,42002039,,p,1,0
2319,42002036,,p,1,0
2320,42002041,,p,1,0
2321,42002046,,p,1,0
2322,42002048,5,p,1,0
2323,42002051,,p,1,0
2324,42003001,,p,1,0
2325,42003004,14,qml,0,0
2326,42003004,14,in,0,0
2327,42003004,21,in*,0,0
2328,42003004,21,in,0,0
2329,42003004,26,in*,0,0
2330,42003004,26,in,0,0
2331,42003004,-1,in*,0,0
2332,42003005,,in,0,0
2333,42003005,4,in*,0,0
2334,42003005,4,in,0,0
2335,42003005,10,in*,0,0
2336,42003005,10,in,0,0
2337,42003005,18,in*,0,0
2338,42003005,18,in,0,0
2340,42003005,-1,in*,0,0
2341,42003006,,in,0,0
2342,42003006,-1,in*,0,0
2343,42003006,-1,qml*,0,0
2344,42003010,,p,1,0
2345,42003012,,p,1,0
2346,42003014,,p,1,0
2347,42003015,,p,1,0
2348,42003018,,p,1,0
2349,42003019,,p,1,0
2350,42003021,,p,1,0
2351,42004001,,p,1,0
2352,42004005,,p,1,0
2353,42004008,14,q,0,1
2354,42004008,14,in,0,0
2355,42004008,20,in*,0,0
2356,42004008,20,in,0,0
2358,42004008,-1,in*,0,0
2359,42004008,-1,q*,0,0
2360,42004010,4,q,0,1
2361,42004010,4,in,0,0
2362,42004010,11,in*,0,0
2363,42004010,11,in,0,0
2364,42004010,-1,in*,0,0
2365,42004010,-1,q*,0,0
2366,42004011,3,q,0,1
2367,42004011,3,in,0,0
2368,42004011,8,in*,0,0
2369,42004011,8,in,0,0
2370,42004011,-1,in*,0,0
2371,42004011,-1,q*,0,0
2372,42004013,,p,1,0
2373,42004016,,p,1,0
2374,42004018,,qml,0,0
2375,42004018,,in,0,0
2376,42004018,9,in*,0,0
2377,42004018,9,in,0,0
2378,42004018,19,in*,0,0
2379,42004018,19,in,0,0
2380,42004018,29,in*,0,0
2381,42004018,29,in,0,0
2382,42004018,33,in*,0,0
2383,42004018,33,in,0,0
2384,42004018,36,in*,0,0
2385,42004018,36,in,0,0
2386,42004018,-1,in*,0,0
2387,42004019,,in,0,0
2388,42004019,-1,in*,0,0
2389,42004019,-1,qml*,0,0
2390,42004020,,p,1,0
2391,42004024,,p,1,0
2392,42004028,,p,1,0
2393,42004031,,p,1,0
2394,42004033,,p,1,0
2395,42004038,,p,1,0
2396,42004040,,p,1,0
2397,42004042,,p,1,0
2398,42005001,,p,1,0
2399,42005004,,p,1,0
2400,42005008,,p,1,0
2401,42005012,,p,1,0
2402,42005015,,p,1,0
2403,42005017,,p,1,0
2404,42005019,,p,1,0
2405,42005021,,p,1,0
2406,42005022,,p,1,0
2407,42005024,,p,1,0
2408,42005027,,p,1,0
2409,42005030,,p,1,0
2410,42005033,,p,1,0
2411,42005034,,p,1,0
2412,42005037,,p,1,0
2413,42006001,,p,1,0
2414,42006006,,p,1,0
2415,42006012,,p,1,0
2416,42006017,,p,1,0
2417,42006020,,p,1,0
2418,42006024,,p,1,0
2419,42006027,,p,1,0
2420,42006032,,p,1,0
2421,42006036,,p,1,0
2422,42006041,,p,1,0
2423,42006045,,p,1,0
2424,42006046,,p,1,0
2425,42007001,,p,1,0
2426,42007006,,p,1,0
2427,42007011,,p,1,0
2428,42007012,,p,1,0
2429,42007016,,p,1,0
2430,42007018,,p,1,0
2431,42007028,,p,1,0
2432,42007036,,p,1,0
2433,42007041,,p,1,0
2434,42007044,,p,1,0
2435,42008001,,p,1,0
2436,42008004,,p,1,0
2437,42008009,,p,1,0
2438,42008010,,p,1,0
2439,42008011,,p,1,0
2440,42008016,,p,1,0
2441,42008019,,p,1,0
2442,42008022,,p,1,0
2443,42008024,,p,1,0
2444,42008026,,p,1,0
2445,42008027,,p,1,0
2446,42008028,,p,1,0
2447,42008030,,p,1,0
2448,42008032,,p,1,0
2449,42008034,,p,1,0
2452,42008040,,p,1,0
2454,42008045,,p,1,0
2455,42008049,,p,1,0
2456,42008051,,p,1,0
2457,42009001,,p,1,0
2458,42009006,,p,1,0
2459,42009007,,p,1,0
2460,42009010,,p,1,0
2461,42009012,,p,1,0
2462,42009014,6,p,1,0
2463,42009018,,p,1,0
2464,42009023,,p,1,0
2465,42009026,,p,1,0
2466,42009028,,p,1,0
2467,42009032,,p,1,0
2468,42009037,,p,1,0
2469,42009041,,p,1,0
2470,42009043,9,p,1,0
2471,42009046,,p,1,0
2472,42009049,,p,1,0
2473,42009051,,p,1,0
2474,42009057,,p,1,0
2475,42009061,,p,1,0
2476,42010001,,p,1,0
2477,42010003,,p,1,0
2478,42010005,,p,1,0
2479,42010008,,p,1,0
2480,42010010,,p,1,0
2481,42010013,,p,1,0
2482,42010016,,p,1,0
2483,42010017,,p,1,0
2484,42010021,,p,1,0
2485,42010022,,p,1,0
2486,42010023,,p,1,0
2487,42010025,,p,1,0
2488,42010027,,p,1,0
2489,42010029,,p,1,0
2490,42010030,,p,1,0
2491,42011001,,p,1,0
2492,42010033,,p,1,0
2493,42010036,,p,1,0
2494,42010038,,p,1,0
2495,42010040,,p,1,0
2496,42010041,,p,1,0
2497,42011005,,p,1,0
2498,42011009,,p,1,0
2499,42011011,,p,1,0
2500,42011014,,p,1,0
2501,42011016,,p,1,0
2502,42011021,,p,1,0
2503,42011024,,p,1,0
2504,42011027,,p,1,0
2505,42011029,,p,1,0
2506,42011033,,p,1,0
2507,42011037,,p,1,0
2508,42011042,,p,1,0
2509,42011045,,p,1,0
2510,42011053,,p,1,0
2512,42012004,,p,1,0
2513,42012006,,p,1,0
2514,42012008,,p,1,0
2515,42012011,,p,1,0
2516,42012013,,p,1,0
2517,42012016,,p,1,0
2518,42012022,,p,1,0
2519,42012027,,p,1,0
2520,42012029,,p,1,0
2521,42012032,,p,1,0
2522,42012035,,p,1,0
2523,42012041,,p,1,0
2524,42012047,,p,1,0
2525,42012049,,p,1,0
2526,42012054,,p,1,0
2527,42013001,,p,1,0
2528,42013010,,p,1,0
2529,42013014,,p,1,0
2530,42013018,,p,1,0
2531,42013020,,p,1,0
2532,42013022,,p,1,0
2533,42013028,,p,1,0
2534,42013031,,p,1,0
2535,42013034,,p,1,0
2536,42014001,,p,1,0
2537,42014012,,p,1,0
2538,42014015,,p,1,0
2539,42014021,,p,1,0
2540,42014022,,p,1,0
2541,42014025,,p,1,0
2542,42014028,,p,1,0
2543,42014031,,p,1,0
2544,42015001,,p,1,0
2545,42015003,,p,1,0
2546,42015011,,p,1,0
2547,42015014,,p,1,0
2548,42015020,8,p,1,0
2549,42015025,,p,1,0
2550,42015031,,p,1,0
2551,42016001,,p,1,0
2552,42016005,,p,1,0
2553,42016009,,p,1,0
2554,42016014,,p,1,0
2555,42016016,,p,1,0
2556,42016018,,p,1,0
2557,42016019,,p,1,0
2559,42016025,,p,1,0
2560,42016027,,p,1,0
2561,42017001,,p,1,0
2562,42017005,,p,1,0
2563,42017006,,p,1,0
2564,42017007,,p,1,0
2565,42017011,,p,1,0
2567,42017020,,p,1,0
2568,42017022,,p,1,0
2569,42017026,,p,1,0
2570,42017028,,p,1,0
2571,42017031,,p,1,0
2572,42017034,,p,1,0
2573,42018001,,p,1,0
2574,42018006,,p,1,0
2575,42018009,,p,1,0
2576,42018015,,p,1,0
2577,42018018,,p,1,0
2578,42018021,,p,1,0
2579,42018023,,p,1,0
2580,42018026,,p,1,0
2581,42018028,,p,1,0
2582,42018035,,p,1,0
2583,42018040,,p,1,0
2584,42019001,,p,1,0
2585,42019008,,p,1,0
2586,42019011,,p,1,0
2587,42019015,,p,1,0
2588,42019020,,p,1,0
2589,42019026,,p,1,0
2590,42019028,,p,1,0
2591,42019032,,p,1,0
2592,42019037,,p,1,0
2593,42019039,,p,1,0
2594,42019041,,p,1,0
2595,42019045,,p,1,0
2596,42019047,,p,1,0
2597,42020001,,p,1,0
2598,42020009,,p,1,0
2599,42020013,,p,1,0
2601,42020017,13,q,0,1
2602,42020017,13,in,0,0
2603,42020017,20,in*,0,0
2604,42020017,20,in,0,0
2605,42020017,-1,in*,0,0
2606,42020017,-1,q*,0,0
2607,42020019,,p,1,0
2608,42020027,,p,1,0
2609,42020037,,p,1,0
2610,42020041,,p,1,0
2611,42020042,12,qml,0,0
2612,42020042,12,in,0,0
2613,42020042,20,in*,0,0
2614,42020042,20,in,0,0
2615,42020042,-1,in*,0,0
2616,42020043,,in,0,0
2617,42020043,-1,in*,0,0
2618,42020043,-1,qml*,0,0
2619,42020045,,p,1,0
2620,42021001,,p,1,0
2621,42021005,,p,1,0
2622,42021007,,p,1,0
2623,42021010,,p,1,0
2625,42021024,,p,1,0
2626,42021029,,p,1,0
2627,42021037,,p,1,0
2628,42022001,,p,1,0
2629,42022007,,p,1,0
2630,42022014,,p,1,0
2631,42022023,,p,1,0
2632,42022025,,p,1,0
2633,42022028,,p,1,0
2634,42022031,,p,1,0
2635,42022045,,p,1,0
2636,42022047,,p,1,0
2639,42022061,,p,1,0
2640,42022063,,p,1,0
2641,42022066,,p,1,0
2642,42023001,,p,1,0
2643,42023004,,p,1,0
2644,42023008,,p,1,0
2645,42023012,,p,1,0
2646,42023013,,p,1,0
2647,42023017,,p,1,0
2648,42023026,,p,1,0
2649,42023032,,p,1,0
2650,42023034,,p,1,0
2651,42023036,,p,1,0
2652,42023039,,p,1,0
2653,42023044,,p,1,0
2654,42023053,,p,1,0
2655,42023054,,p,1,0
2656,42024001,,p,1,0
2657,42024004,,p,1,0
2658,42024009,,p,1,0
2659,42024012,,p,1,0
2660,42024013,,p,1,0
2661,42024017,,p,1,0
2662,42024018,,p,1,0
2663,42024019,,p,1,0
2664,42024019,5,p,1,0
2665,42024025,,p,1,0
2666,42024028,,p,1,0
2667,42024032,,p,1,0
2668,42024036,,p,1,0
2669,42024044,,p,1,0
2670,42024050,,p,1,0
2671,42001008,,p,1,0
2672,42001030,,p,1,0
2673,42002015,,p,1,0
2674,42003007,,p,1,0
2675,42003023,,p,1,0
2676,42004009,,p,1,0
2677,42004036,,p,1,0
2678,42005036,,p,1,0
2679,42006039,,p,1,0
2680,42006049,,p,1,0
2681,42007009,,p,1,0
2682,42007024,,p,1,0
2683,42007029,,p,1,0
2684,42007037,,p,1,0
2685,42007040,,p,1,0
2686,42009059,,p,1,0
2687,42012020,,p,1,0
2688,42012038,,p,1,0
2689,42012045,,p,1,0
2690,42013006,,p,1,0
2691,42014007,,p,1,0
2692,42014034,,p,1,0
2693,42015008,,p,1,0
2694,42015017,,p,1,0
2695,42017009,,p,1,0
2696,42017015,,p,1,0
2697,42018022,,p,1,0
2698,42018031,,p,1,0
2699,42020034,,p,1,0
2700,42021020,,p,1,0
2701,42021034,,p,1,0
2702,42022035,,p,1,0
2703,42022039,,p,1,0
2704,42022049,,p,1,0
2705,42022052,,p,1,0
2706,42023022,,p,1,0
2707,42023043,,p,1,0
2708,42023047,,p,1,0
2709,42023050,,p,1,0
2710,42002034,24,in*,0,0
2711,42002034,24,in,0,0
2712,43001001,,p,1,0
2713,43001006,,p,1,0
2714,43001010,,p,1,0
2715,43001014,,p,1,0
2716,43001015,,p,1,0
2717,43001019,,p,1,0
2718,43001024,,p,1,0
2719,43001029,,p,1,0
2720,43001035,,p,1,0
2721,43001038,,p,1,0
2722,43001047,,p,1,0
2723,43002001,,p,1,0
2724,43002006,,p,1,0
2725,43002011,,p,1,0
2726,43002012,,p,1,0
2727,43002013,,p,1,0
2728,43002018,,p,1,0
2729,43002023,,p,1,0
2730,43003001,,p,1,0
2731,43003003,,p,1,0
2732,43003009,,p,1,0
2733,43003013,,p,1,0
2734,43003017,,p,1,0
2735,43003019,,p,1,0
2736,43003022,,p,1,0
2737,43003025,,p,1,0
2738,43003027,,p,1,0
2739,43003031,,p,1,0
2740,43003035,,p,1,0
2741,43004001,,p,1,0
2742,43004004,,p,1,0
2743,43004007,,p,1,0
2744,43004013,,p,1,0
2745,43004016,,p,1,0
2746,43004025,,p,1,0
2747,43004027,,p,1,0
2748,43004031,,p,1,0
2749,43004035,,p,1,0
2750,43004039,,p,1,0
2751,43004043,,p,1,0
2752,43004046,,p,1,0
2753,43004051,,p,1,0
2754,43004054,,p,1,0
2755,43005001,,p,1,0
2756,43005005,,p,1,0
2758,43005013,,p,1,0
2759,43005015,,p,1,0
2760,43005019,,p,1,0
2762,43005024,,p,1,0
2763,43005027,,p,1,0
2764,43005031,,p,1,0
2765,43005036,,p,1,0
2766,43005039,,p,1,0
2767,43005041,,p,1,0
2769,43005045,,p,1,0
2770,43006001,,p,1,0
2771,43006008,,p,1,0
2772,43006015,,p,1,0
2774,43006022,,p,1,0
2775,43006030,,p,1,0
2776,43006041,,p,1,0
2777,43006052,,p,1,0
2778,43006056,,p,1,0
2779,43006067,,p,1,0
2780,43006070,,p,1,0
2781,43007001,,p,1,0
2782,43007006,,p,1,0
2783,43007010,,p,1,0
2784,43007014,,p,1,0
2785,43007020,,p,1,0
2786,43007025,,p,1,0
2787,43007028,,p,1,0
2788,43007031,,p,1,0
2789,43007032,,p,1,0
2790,43007035,,p,1,0
2791,43007037,,p,1,0
2792,43007045,,p,1,0
2793,43007050,,p,1,0
2794,43008002,,p,1,0
2795,43008006,11,p,1,0
2797,43008019,,p,1,0
2798,43008021,,p,1,0
2799,43008023,,p,1,0
2800,43008025,,p,1,0
2801,43008028,,p,1,0
2802,43008031,,p,1,0
2803,43008033,,p,1,0
2804,43008034,,p,1,0
2805,43008039,,p,1,0
2807,43008042,,p,1,0
2808,43008049,,p,1,0
2809,43008052,,p,1,0
2810,43008054,,p,1,0
2811,43008057,,p,1,0
2812,43009001,,p,1,0
2813,43009008,,p,1,0
2814,43009010,,p,1,0
2815,43009013,,p,1,0
2816,43009020,,p,1,0
2817,43009024,,p,1,0
2818,43009025,,p,1,0
2819,43009026,,p,1,0
2820,43009027,,p,1,0
2821,43009034,,p,1,0
2822,43009035,,p,1,0
2823,43009036,,p,1,0
2824,43009037,,p,1,0
2825,43009038,,p,1,0
2826,43009039,,p,1,0
2827,43010001,,p,1,0
2828,43010007,,p,1,0
2829,43010011,,p,1,0
2830,43010014,,p,1,0
2831,43010016,,p,1,0
2832,43010017,,p,1,0
2833,43010019,,p,1,0
2834,43010022,,p,1,0
2835,43010027,,p,1,0
2836,43010031,,p,1,0
2837,43010032,,p,1,0
2838,43010034,,p,1,0
2839,43010040,,p,1,0
2840,43011001,,p,1,0
2841,43011004,,p,1,0
2842,43011007,,p,1,0
2843,43011011,,p,1,0
2844,43011012,,p,1,0
2845,43011017,,p,1,0
2846,43011023,,p,1,0
2847,43011024,,p,1,0
2848,43011025,,p,1,0
2849,43011027,,p,1,0
2850,43011029,,p,1,0
2851,43011030,,p,1,0
2852,43011032,,p,1,0
2853,43011033,,p,1,0
2854,43011034,7,p,1,0
2855,43011035,,p,1,0
2856,43011036,,p,1,0
2857,43011038,,p,1,0
2858,43011039,8,p,1,0
2859,43011045,,p,1,0
2860,43011047,,p,1,0
2861,43011054,,p,1,0
2862,43012001,,p,1,0
2863,43012009,,p,1,0
2864,43012012,,p,1,0
2865,43012014,,p,1,0
2866,43012016,,p,1,0
2867,43012017,,p,1,0
2868,43012024,,p,1,0
2869,43012030,,p,1,0
2870,43012034,,p,1,0
2871,43012036,17,p,1,0
2872,43012038,11,q,0,1
2873,43012038,11,in,0,0
2874,43012038,18,in*,0,0
2875,43012038,18,in,0,0
2876,43012038,-1,in*,0,0
2877,43012038,-1,q*,0,0
2878,43012039,,p,1,0
2879,43012041,,p,1,0
2880,43012042,,p,1,0
2881,43012044,,p,1,0
2882,43013001,,p,1,0
2883,43013005,,p,1,0
2884,43013008,,p,1,0
2885,43013008,13,p,1,0
2886,43013009,,p,1,0
2887,43013010,,p,1,0
2888,43013012,,p,1,0
2889,43013016,,p,1,0
2890,43013018,18,q,0,1
2891,43013018,18,in,0,0
2892,43013018,-1,in*,0,0
2893,43013018,-1,q*,0,0
2894,43013020,,p,1,0
2895,43013021,,p,1,0
2896,43013027,,p,1,0
2897,43013031,,p,1,0
2898,43013034,,p,1,0
2899,43013036,,p,1,0
2900,43013037,,p,1,0
2901,43014001,,p,1,0
2902,43014005,,p,1,0
2903,43014006,,p,1,0
2904,43014008,,p,1,0
2905,43014009,,p,1,0
2906,43014016,,p,1,0
2907,43014011,,p,1,0
2908,43014018,,p,1,0
2909,43014022,,p,1,0
2910,43014025,,p,1,0
2911,43014027,,p,1,0
2912,43014030,,p,1,0
2913,43015001,,p,1,0
2914,43015006,,p,1,0
2915,43015009,,p,1,0
2916,43015012,,p,1,0
2917,43015015,,p,1,0
2919,43015020,,p,1,0
2920,43015022,,p,1,0
2921,43015026,,p,1,0
2922,43016001,,p,1,0
2923,43016004,20,p,1,0
2924,43016016,,p,1,0
2925,43016017,,p,1,0
2926,43016019,,p,1,0
2927,43016023,11,p,1,0
2928,43016025,,p,1,0
2929,43016031,,p,1,0
2930,43016029,,p,1,0
2931,43017001,,p,1,0
2932,43017004,,p,1,0
2933,43017005,,p,1,0
2934,43017009,,p,1,0
2935,43017014,,p,1,0
2936,43017018,,p,1,0
2937,43017024,,p,1,0
2938,43018001,,p,1,0
2939,43018003,,p,1,0
2940,43018004,,p,1,0
2941,43018006,,p,1,0
2942,43018010,,p,1,0
2943,43018012,,p,1,0
2944,43018015,,p,1,0
2945,43018016,9,p,1,0
2946,43018019,,p,1,0
2947,43018022,,p,1,0
2948,43018025,,p,1,0
2949,43018028,,p,1,0
2950,43018029,,p,1,0
2951,43018030,,p,1,0
2952,43018031,,p,1,0
2953,43018031,16,p,1,0
2954,43018033,,p,1,0
2955,43018034,,p,1,0
2956,43018035,,p,1,0
2957,43018036,,p,1,0
2958,43018037,,p,1,0
2959,43018037,13,p,1,0
2960,43018038,,p,1,0
2961,43019001,,p,1,0
2962,43019006,15,p,1,0
2963,43019008,,p,1,0
2964,43019011,,p,1,0
2965,43019012,,p,1,0
2966,43019016,9,p,1,0
2967,43019019,,p,1,0
2968,43019021,,p,1,0
2969,43019022,,p,1,0
2970,43019024,22,q,0,1
2971,43019024,22,in,0,0
2972,43019024,27,in*,0,0
2973,43019024,27,in,0,0
2974,43019024,35,in*,0,0
2975,43019024,35,q*,0,0
2976,43019025,,p,1,0
2977,43019028,,p,1,0
2978,43019031,,p,1,0
2979,43019034,,p,1,0
2980,43019038,,p,1,0
2981,43019039,,p,1,0
2982,43019041,,p,1,0
2983,43020001,,p,1,0
2984,43020003,,p,1,0
2985,43020006,,p,1,0
2986,43020011,,p,1,0
2987,43020014,,p,1,0
2988,43020018,,p,1,0
2989,43020019,,p,1,0
2990,43020021,,p,1,0
2991,43020024,,p,1,0
2992,43020026,,p,1,0
2993,43020030,,p,1,0
2994,43021001,,p,1,0
2995,43021003,,p,1,0
2996,43021004,,p,1,0
2997,43021007,,p,1,0
2998,43021011,,p,1,0
2999,43021012,,p,1,0
3000,43021014,,p,1,0
3001,43021015,,p,1,0
3002,43021020,,p,1,0
3003,43021024,,p,1,0
3004,44003001,,p,1,0
3005,44003009,,p,1,0
3006,44003011,,p,1,0
3007,44003017,,p,1,0
3008,44003022,,p,1,0
3009,44004001,,p,1,0
3010,44004004,,p,1,0
3011,44004005,,p,1,0
3012,44004008,,p,1,0
3013,44004019,,p,1,0
3014,44004023,,p,1,0
3015,44004025,18,qml,0,0
3016,44004025,18,in,0,0
3017,44004025,22,in*,0,0
3018,44004025,22,in,0,0
3019,44004025,-1,in*,0,0
3020,44004026,,in,0,0
3021,44004026,6,in*,0,0
3022,44004026,6,in,0,0
3023,44004026,14,in*,0,0
3024,44004026,14,in,0,0
3025,44004026,-1,in*,0,0
3026,44004026,-1,qml*,0,0
3027,44004029,,p,1,0
3028,44004031,,p,1,0
3029,44004032,,p,1,0
3030,44004036,,p,1,0
3031,44005001,,p,1,0
3032,44005005,,p,1,0
3033,44005007,,p,1,0
3034,44005010,,p,1,0
3035,44005012,,p,1,0
3036,44005021,14,p,1,0
3037,44005029,,p,1,0
3038,44005033,,p,1,0
3039,44005040,,p,1,0
3040,44006001,,p,1,0
3041,44006007,,p,1,0
3042,44006008,,p,1,0
3043,44006011,,p,1,0
3044,44007001,,p,1,0
3045,44007002,,p,1,0
3047,44007008,,p,1,0
3048,44007009,,p,1,0
3049,44007011,,p,1,0
3050,44007014,,p,1,0
3051,44007017,,p,1,0
3052,44007023,,p,1,0
3053,44007030,,p,1,0
3054,44007035,,p,1,0
3056,44007041,,p,1,0
3057,44007047,,p,1,0
3058,44007051,,p,1,0
3059,44007054,,p,1,0
3061,44008001,,p,1,0
3062,44008001,9,p,1,0
3063,44008003,,p,1,0
3064,44008004,,p,1,0
3065,44008012,,p,1,0
3066,44008014,,p,1,0
3067,44008020,,p,1,0
3068,44008024,,p,1,0
3069,44008025,,p,1,0
3070,44008026,,p,1,0
3071,44008029,,p,1,0
3072,44008032,11,qml,0,0
3073,44008032,11,in,0,0
3074,44008032,19,in*,0,0
3075,44008032,19,in,0,0
3076,44008032,28,in*,0,0
3077,44008032,28,in,0,0
3078,44008032,-1,in*,0,0
3080,44008033,,in,0,0
3081,44008033,9,in*,0,0
3082,44008033,9,in,0,0
3083,44008033,16,in*,0,0
3084,44008033,16,in,0,0
3085,44008033,-1,in*,0,0
3086,44008033,-1,qml*,0,0
3087,44008034,,p,1,0
3088,44008036,,p,1,0
3089,44008040,,p,1,0
3090,44009001,,p,1,0
3091,44009003,,p,1,0
3092,44009007,,p,1,0
3093,44009010,,p,1,0
3094,44009017,,p,1,0
3095,44009019,5,p,1,0
3096,44009022,,p,1,0
3097,44009023,,p,1,0
3098,44009026,,p,1,0
3099,44009028,,p,1,0
3100,44009032,,p,1,0
3101,44009036,,p,1,0
3102,44009038,,p,1,0
3103,44009040,,p,1,0
3104,44010001,,p,1,0
3105,44010007,,p,1,0
3106,44010009,,p,1,0
3107,44010013,,p,1,0
3108,44010017,,p,1,0
3109,44010019,,p,1,0
3110,44010021,,p,1,0
3111,44010023,6,p,1,0
3112,44010034,,p,1,0
3113,44010039,,p,1,0
3114,44010044,,p,1,0
3115,44011001,,p,1,0
3116,44011004,,p,1,0
3117,44011011,,p,1,0
3118,44011013,,p,1,0
3119,44011015,,p,1,0
3121,44011018,,p,1,0
3122,44011019,,p,1,0
3123,44011022,,p,1,0
3124,44011025,,p,1,0
3125,44011027,,p,1,0
3126,44012001,,p,1,0
3127,44012005,,p,1,0
3128,44012012,,p,1,0
3129,44012016,,p,1,0
3130,44012018,,p,1,0
3131,44012020,,p,1,0
3132,44012024,,p,1,0
3133,44012025,,p,1,0
3134,44013001,,p,1,0
3135,44013004,,p,1,0
3136,44013008,,p,1,0
3137,44013013,,p,1,0
3138,44013024,,p,1,0
3139,44013026,,p,1,0
3140,44013029,,p,1,0
3141,44013038,,p,1,0
3142,44013040,,p,1,0
3143,44013042,,p,1,0
3144,44013044,,p,1,0
3145,44013048,,p,1,0
3146,44013049,,p,1,0
3147,44014001,,p,1,0
3148,44014004,,p,1,0
3149,44014008,,p,1,0
3150,44014011,,p,1,0
3151,44014014,,p,1,0
3152,44014019,,p,1,0
3153,44014024,,p,1,0
3154,44015001,,p,1,0
3155,44015003,,p,1,0
3156,44015006,,p,1,0
3157,44015012,,p,1,0
3158,44015013,,p,1,0
3159,44015016,,qml,0,0
3160,44015016,,in,0,0
3161,44015016,4,in*,0,0
3162,44015016,4,in,0,0
3163,44015016,13,in*,0,0
3164,44015016,13,in,0,0
3165,44015016,18,in*,0,0
3166,44015016,18,in,0,0
3167,44015016,-1,in*,0,0
3168,44015017,,in,0,0
3169,44015017,11,in*,0,0
3170,44015017,11,in,0,0
3171,44015017,23,in*,0,0
3172,44015017,23,in,0,0
3174,44015017,-1,in*,0,0
3175,44015017,-1,qml*,0,0
3176,44015019,,p,1,0
3177,44015023,6,p,1,0
3178,44015024,,p,1,0
3179,44015030,,p,1,0
3181,44015040,,p,1,0
3182,44016001,,p,1,0
3183,44016004,,p,1,0
3184,44016006,,p,1,0
3185,44016009,,p,1,0
3186,44016011,,p,1,0
3188,44016016,,p,1,0
3189,44016025,,p,1,0
3190,44016027,,p,1,0
3191,44016035,,p,1,0
3192,44017001,,p,1,0
3193,44017005,,p,1,0
3194,44017010,,p,1,0
3195,44017013,,p,1,0
3196,44017015,,p,1,0
3197,44017018,,p,1,0
3198,44017030,,p,1,0
3199,44017032,,p,1,0
3200,44018001,,p,1,0
3201,44018004,,p,1,0
3202,44018007,,p,1,0
3203,44018012,,p,1,0
3204,44018018,,p,1,0
3205,44018024,,p,1,0
3206,44018027,,p,1,0
3207,44019001,,p,1,0
3208,44019008,,p,1,0
3209,44019017,,p,1,0
3210,44019021,,p,1,0
3211,44019023,,p,1,0
3212,44019028,,p,1,0
3213,44019033,,p,1,0
3214,44019035,,p,1,0
3215,44020001,,p,1,0
3216,44020007,,p,1,0
3217,44020009,,p,1,0
3218,44020011,,p,1,0
3219,44020013,,p,1,0
3220,44020017,,p,1,0
3221,44020022,,p,1,0
3222,44020025,,p,1,0
3223,44020028,,p,1,0
3224,44020033,,p,1,0
3225,44020037,,p,1,0
3226,44021001,,p,1,0
3227,44021004,,p,1,0
3228,44021007,,p,1,0
3230,44021008,,p,1,0
3231,44021010,,p,1,0
3232,44021015,,p,1,0
3233,44021018,,p,1,0
3234,44021020,,p,1,0
3235,44021026,,p,1,0
3236,44021030,,p,1,0
3237,44021033,,p,1,0
3238,44021037,,p,1,0
3239,44022011,,p,1,0
3240,44022022,,p,1,0
3241,44022025,,p,1,0
3242,44022030,,p,1,0
3243,44023001,,p,1,0
3244,44023006,,p,1,0
3245,44023009,,p,1,0
3246,44023012,,p,1,0
3247,44023016,,p,1,0
3248,44023019,,p,1,0
3249,44023026,,p,1,0
3250,44023031,,p,1,0
3251,44023034,,p,1,0
3252,44024001,,p,1,0
3253,44024010,,p,1,0
3254,44024014,,p,1,0
3255,44024016,,p,1,0
3256,44024017,,p,1,0
3257,44024022,,p,1,0
3258,44024024,,p,1,0
3259,44024027,,p,1,0
3260,44025001,,p,1,0
3261,44025009,,p,1,0
3262,44025012,,p,1,0
3263,44025013,,p,1,0
3264,44025017,,p,1,0
3265,44025022,,p,1,0
3266,44026001,,p,1,0
3267,44026004,,p,1,0
3268,44026009,,p,1,0
3269,44026019,,p,1,0
3270,44026021,,p,1,0
3271,44027001,,p,1,0
3272,44027004,,p,1,0
3273,44027009,,p,1,0
3274,44027012,,p,1,0
3275,44027014,,p,1,0
3276,44027027,,p,1,0
3277,44027030,,p,1,0
3278,44027039,,p,1,0
3279,44027042,,p,1,0
3280,44028001,,p,1,0
3281,44028003,,p,1,0
3282,44028007,,p,1,0
3283,44028009,,p,1,0
3284,44028011,,p,1,0
3286,44028023,,p,1,0
3287,44028026,2,qml,0,0
3288,44028026,2,in,0,0
3289,44028026,9,in*,0,0
3290,44028026,9,in,0,0
3291,44028026,16,in*,0,0
3292,44028026,16,in,0,0
3293,44028026,-1,in*,0,0
3294,44028027,,in,0,0
3295,44028027,10,in*,0,0
3296,44028027,10,in,0,0
3297,44028027,15,in*,0,0
3298,44028027,15,in,0,0
3299,44028027,20,in*,0,0
3300,44028027,20,in,0,0
3301,44028027,26,in*,0,0
3302,44028027,26,in,0,0
3303,44028027,30,in*,0,0
3304,44028027,30,in,0,0
3305,44028027,34,in*,0,0
3306,44028027,34,in,0,0
3307,44028027,36,in*,0,0
3308,44028027,36,in,0,0
3309,44028027,-1,in*,0,0
3310,44028027,-1,qml*,0,0
3311,44028028,,p,1,0
3312,44028030,,p,1,0
3313,45009029,18,in*,0,0
3314,45009029,18,in,0,0
3315,45011026,10,in,0,0
3316,45011026,17,in*,0,0
3317,45011026,17,in,0,0
3318,44002017,,q,0,1
3319,44002017,,in,0,0
3320,44002017,7,in*,0,0
3321,44002017,7,q*,0,0
3322,44002017,10,qml,0,0
3323,44002017,10,in,0,0
3324,44002017,20,in*,0,0
3325,44002017,20,in,0,0
3326,44002017,29,in*,0,0
3327,44002017,29,in,0,0
3328,44002017,36,in*,0,0
3329,44002017,36,in,0,0
3330,44002017,-1,in*,0,0
3331,44002018,,in,0,0
3332,44002018,22,in*,0,0
3333,44002018,22,qml*,0,0
3334,44002019,,qml,0,0
3335,44002019,9,in*,0,0
3336,44002019,9,in,0,0
3337,44002019,,in,0,0
3338,44002019,-1,in*,0,0
3339,44002020,,in,0,0
3340,44002020,6,in*,0,0
3341,44002020,6,in,0,0
3342,44002020,11,in*,0,0
3343,44002020,11,in,0,0
3344,44002020,18,in*,0,0
3345,44002020,18,in,0,0
3346,44002020,-1,in*,0,0
3347,44002021,,in,0,0
3348,44002021,-1,in*,0,0
3349,44002021,-1,qml*,0,0
3351,44002025,,p,1,0
3352,44002025,7,qml,0,0
3353,44002025,7,in,0,0
3354,44002025,14,in*,0,0
3355,44002025,14,in,0,0
3356,44002025,-1,in*,0,0
3357,44002026,,in,0,0
3358,44002026,7,in*,0,0
3359,44002026,7,in,0,0
3360,44002026,12,in*,0,0
3361,44002026,12,in,0,0
3362,44002026,-1,in*,0,0
3363,44002027,,in,0,0
3364,44002027,11,in*,0,0
3365,44002027,11,in,0,0
3366,44002027,-1,in*,0,0
3367,44002028,,in,0,0
3368,44002028,7,in*,0,0
3369,44002028,7,in,0,0
3370,44002028,-1,in*,0,0
3371,44002028,-1,qml*,0,0
3372,44002029,,p,1,0
3373,44002012,,p,1,0
3374,44002034,13,qml,0,0
3375,44002034,13,in,0,0
3376,44002034,20,in*,0,0
3377,44002034,20,in,0,0
3378,44002034,-1,in*,0,0
3379,44002035,,in,0,0
3380,44002035,-1,in*,0,0
3381,44002035,-1,qml*,0,0
3382,44002036,,p,1,0
3383,44002037,,p,1,0
3385,44002043,,p,1,0
3386,43001032,,p,1,0
3387,43001040,,p,1,0
3388,43001043,,p,1,0
3389,43002009,,p,1,0
3390,43004019,,p,1,0
3391,43004030,,p,1,0
3392,43006026,,p,1,0
3393,43006034,,p,1,0
3394,43006060,,p,1,0
3395,43007040,,p,1,0
3396,43008012,,p,1,0
3397,43008041,10,p,1,0
3398,43008048,,p,1,0
3399,43009017,,p,1,0
3400,43009028,,p,1,0
3401,43009030,,p,1,0
3402,43010025,,p,1,0
3403,43011020,,p,1,0
3404,43011040,,p,1,0
3405,43011049,,p,1,0
3406,43012003,,p,1,0
3407,43012004,,p,1,0
3408,43012007,,p,1,0
3409,43012020,,p,1,0
3410,43012026,,p,1,0
3411,43012029,,p,1,0
3412,43012047,,p,1,0
3413,43013038,,p,1,0
3414,43014023,,p,1,0
3415,43015005,,p,1,0
3416,43016007,,p,1,0
3417,43016012,,p,1,0
3418,43017022,,p,1,0
3419,43018023,,p,1,0
3420,43018040,,p,1,0
3421,43019005,,p,1,0
3422,43019007,,p,1,0
3423,43019014,,p,1,0
3424,43019023,,p,1,0
3425,43021009,,p,1,0
3426,44001006,,p,1,0
3427,44001009,,p,1,0
3428,44001012,,p,1,0
3429,44001015,,p,1,0
3430,44001020,9,q,0,1
3431,44001020,9,in,0,0
3432,44001020,15,in*,0,0
3433,44001020,15,in,0,0
3434,44001020,23,in*,0,0
3435,44001020,23,q*,0,0
3436,44001020,25,q,0,1
3437,44001020,25,in,0,0
3438,44001020,-1,in*,0,0
3439,44001020,-1,q*,0,0
3440,44001023,,p,1,0
3441,44002005,,p,1,0
3442,44002034,,p,1,0
3443,44002041,,p,1,0
3444,44004013,,p,1,0
3445,44004015,,p,1,0
3446,44005017,,p,1,0
3447,44005025,,p,1,0
3448,44006005,,p,1,0
3449,44007033,,p,1,0
3450,44007044,,p,1,0
3452,44007059,,p,1,0
3453,44008009,,p,1,0
3454,44008018,,p,1,0
3455,44009013,,p,1,0
3456,44009042,,p,1,0
3457,44010030,,p,1,0
3458,44012010,,p,1,0
3459,44013006,,p,1,0
3460,44013016,,p,1,0
3461,44013032,,p,1,0
3462,44014027,,p,1,0
3463,44015004,,p,1,0
3464,44015022,,p,1,0
3465,44015036,,p,1,0
3466,44016013,,p,1,0
3467,44016019,,p,1,0
3468,44016040,,p,1,0
3469,44017016,,p,1,0
3470,44017022,,p,1,0
3471,44018009,,p,1,0
3472,44019013,,p,1,0
3473,44021027,,p,1,0
3474,44021040,,p,1,0
3475,44022006,,p,1,0
3476,44022017,,p,1,0
3477,44023022,,p,1,0
3478,44025006,,p,1,0
3479,44026024,,p,1,0
3480,44026030,,p,1,0
3481,44027033,,p,1,0
3482,44028017,,p,1,0
3483,44028021,,p,1,0
3484,47006014,,p,1,0
3485,47009008,,p,1,0
3486,47009005,,p,1,0
3487,47010007,,p,1,0
3488,47012015,12,p,1,0
3490,45015009,20,in*,0,0
3491,45015009,20,in,0,0
3492,45009026,14,in*,0,0
3493,45009026,14,in,0,0
3494,41003019,8,p,1,0
3495,44023011,,p,1,0
3496,44026028,,p,1,0
3497,44027021,,p,1,0
3498,46007032,,p,1,0
3499,46010006,,p,1,0
3500,46014001,,p,1,0
3501,47001015,,p,1,0
3502,47003017,,p,1,0
3503,47007006,,p,1,0
3504,47007013,,p,1,0
3505,56001005,,p,1,0
3506,40020033,,p,1,0
3507,40021027,11,p,1,0
3508,40027021,16,p,1,0
3509,48004027,5,in,0,0
3510,48004027,10,in*,0,0
3511,48004027,10,in,0,0
3512,48004027,17,in*,0,0
3513,48004027,17,in,0,0
3514,48004027,24,in*,0,0
3515,48004027,24,in,0,0
3516,48004027,-1,q*,0,0
3517,49004008,4,in,0,0
3518,49004008,12,in*,0,0
3519,49004008,12,in,0,0
3520,49004008,-1,q*,0,0
3521,45015009,13,q,0,1
3522,45015009,13,in,0,0
3523,58008011,10,in*,0,0
3524,58008011,10,in,0,0
3526,58002006,8,qml,0,0
3527,58002006,8,in,0,0
3528,41001002,9,qml,0,0
3529,41001002,9,in,0,0
3530,41001002,-1,in*,0,0
3531,40001006,10,p,1,0
3532,40027022,15,p,1,0
3533,41008014,,p,1,0
3534,41008031,,p,1,0
3535,42001054,6,in*,0,0
3536,42001054,6,in,0,0
3537,43005020,14,p,1,0
3538,42008037,20,p,1,0
3539,42008042,15,p,1,0
3540,42020016,13,p,1,0
3541,42022054,15,p,1,0
3542,43007053,,p,1,0
3543,43012037,,p,1,0
3544,43015018,,p,1,0
3545,43005009,18,p,1,0
3546,43006017,14,p,1,0
3547,43008009,18,p,1,0
3548,44028014,11,p,1,0
3549,44007005,12,p,1,0
3550,44007058,9,p,1,0
3551,44016012,18,p,1,0
3552,45002012,,p,1,0
3553,45010016,,p,1,0
3554,45003010,4,qml,0,0
3555,45003010,4,in,0,0
3556,45003010,-1,in*,0,0
3557,45003011,,in,0,0
3558,45003011,5,in*,0,0
3559,45003011,5,in,0,0
3560,45003011,-1,in*,0,0
3561,45015010,5,q,0,1
3562,50001027,,p,1,0
3563,51001015,,p,1,0
3564,54001003,,p,1,0
3565,54006002,31,p,1,0
3566,52003012,,p,1,0
3567,54001002,6,p,1,0
3568,54001005,,p,1,0
3569,54001012,,p,1,0
3570,55001015,,p,1,0
3571,58003007,,p,1,0
3572,58004014,,p,1,0
3573,58005011,,p,1,0
3574,58011035,11,p,1,0
3575,59001002,,p,1,0
3576,59003005,13,p,1,0
3577,59005016,14,p,1,0
3578,60001003,,p,1,0
3580,62003010,,p,1,0
3581,62005013,,p,1,0
3582,64001002,,p,1,0
3583,60001002,21,p,1,0
3584,61002010,17,p,1,0
3585,64001014,14,p,1,0
3586,66001004,,p,1,0
3587,66010003,12,p,1,0
3588,66017006,20,p,1,0
3589,58001005,27,in*,0,0
3590,58001005,27,in,0,0
3591,40004006,18,in,0,0
3592,40004006,25,q*,0,0
3593,45015010,5,in,0,0
3594,45015010,-1,q*,0,0
3595,45010016,11,in,0,0
3596,45010016,-1,q*,0,0
3598,42002032,6,in*,0,0
3599,42002032,6,in,0,0
3600,58004005,6,in,0,0
3601,58004005,-1,q*,0,0
